/m/0jfd5,,Lunch,中餐
/m/03h5vq,1765,Highlighter,文具_笔_荧光笔
/m/02vxn,1294,Film,日常用品_胶卷
/mi/714,714,,房间内_地垫
/mi/1028,1028,,其他_电焊面罩
/m/01d4b2,1052,Jack-o'-lantern,其他_南瓜灯
/m/05zp8,76,Palace,宫殿
/m/04x9h,238,Mazda Motor Corporation,LOGO_马自达logo
/m/02522,297,Computer monitor,办公_显示器
/m/05_5p_0,1934,Table tennis racket,运动装备_乒乓球拍
/m/03qjg,946,Harmonica,乐器_口琴
/mi/indoor,,,室内
/mi/ferrarilogo,223,Ferrari S.p.A. Logo,LOGO_法拉利logo
/mi/777,777,,房间内_置物架
/mi/367,367,,餐厨_食堂餐盘
/mi/242,242,,LOGO_尼桑logo
/mi/771,771,,房间内_消毒柜
/m/034fmc,974,Maotai,瓶装_白酒_茅台
/m/0bjyj5,736,Waste container,房间内_垃圾桶
/m/0y8r,543,Armored car,车船飞机_机动车工程车_装甲车
/m/02549m,740,Plunger,房间内_马桶搋子
/m/09glm89,514,Mercedes AMG Petronas F1 Team,车船飞机_F1赛车
/mi/1454,1454,,日常用品_药品瓶子
/mi/497,497,,场景_医院病房
/m/09y71y,1827,Nameplate,印刷手绘截屏_铭牌
/m/0f4s2w,,Vegetable,蔬菜
/mi/1808,1808,,印刷手绘截屏_错误弹出框
/m/0dfyjc,1273,Fire alarm call box,日常用品_火警报警器
/m/09kmb,621,Spider,虫_蜘蛛
/mi/167,167,,坚果_notuse
/m/0mynm,1884,Webcam,娱乐_摄像头
/m/01c0z,1204,Electric battery,日常用品_电池
/m/05lw7z,1310,Bin bag,日常用品_垃圾袋
/g/122ctfrn,1355,Gun,日常用品_枪
/mi/227,227,,LOGO_华为logo
/m/01_g5x,669,Honey badger,动物_蜜獾
/mi/1138,1138,,人_人头顶
/m/01gmv2,817,Bra,服饰_文胸
/m/09f_75,1772,Paper knife,文具_裁纸刀
/m/017ftj,1338,Sunglasses,日常用品_墨镜
/m/01dz_r,449,Landfill,场景_垃圾堆
/mi/0,0,,文档_其他_notuse
/m/0dm32,1628,Sweet potato,蔬菜_地瓜
/m/01nkt,1581,Cheese,食品_牛奶乳品其他
/m/07j87,1632,Tomato,蔬菜_番茄
/mi/fish,,Fish,鱼
/mi/404,404,,场景_车间
/mi/1243,1243,,日常用品_粉饼
/mi/otherlandscape,,,其他景色
/mi/1217,1217,,日常用品_电闸
/m/029tx,660,Dinosaur,动物_恐龙
/m/0396p,45,Gorillas,动物_猩猩
/m/0km3f,839,Labrador Retriever,狗_拉布拉多犬
/m/0ggbx,1069,Barcode,其他_条形码
/m/06m11,1961,Rose,植物_玫瑰
/m/063yqr9,202,Banana boat,船艇
/g/11c1tlbd65,1899,Baseball at the 2020 Summer Olympics,运动_棒球比赛
/mi/431,431,,场景_公交车内饰
/m/0dftk,32,Swans,动物_天鹅
/mi/1378,1378,,日常用品_手机_花哨手机壳
/m/03_mtn,1954,Nelumbo nucifera,植物_荷花
/m/018nds,1621,Daikon,蔬菜_白萝卜
/m/03mt9v,939,Guzheng,乐器_古筝
/m/022hnr,228,Volvo Cars,LOGO_吉利logo
/mi/1865,1865,,游戏截图_我的世界截图
/m/086cy,656,Wildebeest,动物_角马
/m/0f375,641,Baboons,动物_狒狒
/mi/1458,1458,,日常用品_易拉罐盖子
/m/03hf_6m,1625,Napa cabbage,蔬菜_大白菜
/m/0cmx8,365,Spoon,餐厨_勺子
/m/027pcv,1652,Zucchini,蔬菜_西葫芦
/m/01v50j,564,Crane,车船飞机_起重机
/m/02rqv26,517,Bicycle handlebar,车船飞机_车把
/m/0dj75,1657,Onion,蔬菜_洋葱
/mi/1128,1128,,人_抱小孩
/m/07bs0,204,Tennis,运动_网球
/mi/1583,1583,,食品_牛羊肉卷
/mi/1263,1263,,日常用品_红包以及红包截图
/m/06_fw,99,Skateboard,运动_滑板
/mi/1125,1125,,人_宝宝玩轮滑
/m/012w5l,1390,Ladder,日常用品_梯子
/mi/491,491,,场景_休息室等候室
/mi/peopleflower,155,People Flower,人_花
/m/01_5g,346,Chopsticks,餐厨_筷子
/m/0jyfg,1441,Glasses,日常用品_眼镜
/m/0py2fl3,894,Guard rail,街头_栏杆
/m/08ncv6,1452,Capsule,日常用品_药品胶囊
/mi/1604,1604,,食品_武汉豆皮
/m/01b7km,1330,Kerosene lamp,日常用品_煤油灯
/mi/cadillaclogo,230,cadillac logo,LOGO_凯迪拉克logo
/m/04f76fm,157,Race to Witch Mountain,人_山
/m/02xz2,1910,Formula 1,运动_赛车
/mi/965,965,,票证卡_录取通知书内页
/g/1pzpd95j3,1557,Kaomianjin,食品_烤面筋
/mi/898,898,,街头_路标指示牌
/m/08ml_c,535,Kick scooter,车船飞机_滑板车
/mi/1175,1175,,日常用品_包装纸袋
/m/0c01zxn,1147,Tanit Phoenix,人_泳装照
/mi/1077,1077,,其他_小程序码
/m/0250x,,Costume,服饰
/m/01jtml,209,Adidas,LOGO_阿迪达斯logo
/mi/1711,1711,,玩具_惨叫鸡
/g/1223qdcp,360,Barbecue grill,餐厨_烧烤架
/m/0dbrl,1627,Garlic,蔬菜_大蒜
/m/07cdz,399,The Graduate,场景_毕业
/mi/peoplegrassland,152,Grassland,人_草原
/m/0870sv,1218,Electronic dictionary,日常用品_电子词典
/mi/1230,1230,,日常用品_儿童围兜
/m/0270h,110,Dessert,甜点
/m/026lrhv,914,Abutilon indicum,街头_石磨
/m/0b_fm2,372,Cocktail strainer,餐厨_调酒器
/m/01j51,1880,Balloon,娱乐_气球
/m/06q4mx,697,Window shutter,房间内_百叶窗
/mi/581,581,,虫_百足虫
/m/01gkx_,823,Swimsuit,服饰_泳装
/mi/googlelogo,226,Google Logo,LOGO_谷歌logo
/mi/257,257,,LOGO_中石化logo
/mi/354,354,,餐厨_面条机
/mi/1320,1320,,日常用品_链条锁
/m/025zp2s,1271,Eye shadow,日常用品_化妆_眼影
/m/0c9qw1,807,Desert Camouflage Uniform,服饰_迷彩服
/mi/995,995,,瓶装_饮料_加多宝听装
/mi/956,956,,票证卡_翻拍照片
/mi/1037,1037,,其他_空压机
/mi/95,95,,游乐场_notuse
/m/0b5gs,1966,Branch,植物_树枝
/m/06c72,1129,Redneck,人_脖子
/mi/539,539,,车船飞机_机动车工程车_道路清扫车
/mi/310,310,,餐厨_餐具垫
/m/0258mq,1434,Sphygmomanometer,日常用品_血压计
/mi/toyairplane,1724,Toy Airplane,玩具_飞机
/m/04bct1,1425,Chest,日常用品_箱子
/m/0hnnb,1362,Umbrella,日常用品_伞
/m/0lq9pxt,1570,Mahua,食品_麻花
/mi/1991,1991,,著名景点_自由女神像
/mi/526,526,,车船飞机_儿童滑步车
/m/0dm32,1633,Sweet potato,蔬菜_红薯
/mi/3,3,,NEG_办公环境
/m/02w6mg_,406,Carriage house,场景_车棚
/m/037tr3,1003,Mirinda,瓶装_饮料_美年达
/m/06w6s65,1709,Den-den daiko,玩具_拨浪鼓
/mi/922,922,,街头_信报箱
/m/0fm3v_,1106,Jack,其他物体_千斤顶
/m/078jl,677,Snake,动物_蛇
/mi/980,980,,瓶装_饮料_百事可乐瓶装
/g/11f1594gb8,1840,Spinning Chairs,游乐场设备_飞椅
/m/01s0vc,1311,Zipper,日常用品_拉链
/m/01btfg,1882,Flash,娱乐_闪光灯
/m/0fkw3,1573,Flour,食品_面粉
/m/01w1x1,949,Hand drum,乐器_手鼓
/m/07c52,717,Television,房间内_电视
/m/01jxq2,1518,Sea cucumber,食品_海参
/m/01x_v,58,Camels,动物_骆驼
/m/01sdp6,805,Waistcoat,服饰_马甲
/m/05441v,1255,Crutch,日常用品_拐杖
/mi/850,850,,健身设备_健腹轮
/m/04l3lm,1940,Shooting range,运动装备_射击靶
/g/1236gzcr,1761,,文具_笔_白板笔
/m/01c648,260,Laptop,办公_笔记本电脑
/mi/1979,1979,,著名景点_迪拜帆船酒店
/m/0kpjk,1675,Lychee,水果_荔枝
/m/01bx84,688,Ring-necked Pheasant,动物_野鸡
/m/026yry7,971,Business license,票证卡_营业执照
/m/01vdm0,936,Electronic keyboard,乐器_电子琴
/mi/317,317,,餐厨_弹簧度盘秤
/mi/913,913,,街头_石墩
/mi/1315,1315,,日常用品_老式电话
/m/0bmqt,1307,,日常用品_口哨
/m/031_tp,1327,cat litter box,日常用品_猫砂盆
/g/11f6gjghsk,838,The Queen's Corgi,狗_柯基
/m/01m4t,264,Printer,办公_打印机
/mi/1072,1072,,其他_武士刀
/m/09k_b,1681,Lemon,水果_柠檬
/g/120_rn8r,679,Jellyfish,动物_水母
/mi/1314,1314,,日常用品_捞鱼网兜
/m/07fn4f,652,Mantled guereza,动物_黑白疣猴
/m/0dl8m,411,Dam,场景_堤坝水坝
/m/04n42_5,506,Moon: Remix RPG Adventure,场景_月亮
/m/02qsb,674,Earthworm,动物_蚯蚓
/mi/1156,1156,,日常常用_热水袋
/m/02yxhq,1789,Bookend,文具_书立
/m/03yhk,1783,Ink,文具_墨水
/m/02x94h,1292,Trophy,日常用品_奖杯
/m/09gnjq2,1348,Mosquito coil,日常用品_盘式蚊香
/g/1q6m49gvb,1208,Electric shaver,日常用品_电动剃须刀
/m/01nq26,816,Sock,服饰_袜子
/g/11qn1ky678,,Scenes from a Marriage,场景
/m/0h259,1548,Cashew,食品_坚果_腰果
/m/060dm6,1507,Egg tart,食品_蛋挞
/g/11dfskq1v6,1697,Smoked plum,水果_乌梅
/m/06y5r,1101,Sword,其他物体_剑
/m/020ytc,323,Rice cooker,餐厨_电饭煲
/m/01h6d4,455,Camping,场景_露营
/m/01j4yx,521,Dragon boat,车船飞机_船类_龙舟
/m/09d5_,666,Owls,动物_猫头鹰
/m/0397w,1913,Gymnastics,运动_体操
/g/1yprtyd0d,,Lezhin Comics,动漫
/m/03clp3h,1228,Antithetical couplet,日常用品_对联
/mi/1453,1453,,日常用品_药品喷雾
/mi/1124,1124,,人_宝宝玩滑板车
/m/0mcn4,71,Succulent plant,多肉植物
/m/01www,1870,Compact disc,娱乐_唱片CD
/m/03gw60r,607,Mantis,虫_螳螂
/mi/1357,1357,,日常用品_驱鼠器
/mi/954,954,,票证卡_出生证明封面
/mi/320,320,,餐厨_捣蒜器
/m/0kh8w,80,Canyon,峡谷
/m/03c59l,1062,Christmas stocking,其他_圣诞袜
/m/0h42m,1272,Match,日常用品_火柴
/m/02p1d3k,1249,Desiccant,日常用品_干燥剂
/m/01bjxx,1299,Camera lens,日常用品_镜头
/m/01zbzn,786,Artillery battery,风景_炮台
/m/067nv2q,208,IBM LogoWriter Computer Workbook Series,LOGO_IBMlogo
/g/1q6jhj1gr,661,Mouse,动物_老鼠
/m/03g5n9,138,Invoice,票证卡_发票
/m/02xbyr,176,Tangled,风景_塔
/m/09twn9b,1653,Broccoli,蔬菜_西兰花
/mi/1741,1741,,玩具_爬行垫
/m/05m_c7c,609,Lethocerus,虫_田鳖
/mi/500,500,,场景_油菜花田
/m/02k8bg,1780,Tape measure,文具_卷尺
/m/01cjzl,695,Woody Woodpecker,动物_啄木鸟
/m/0bgyd8,942,Hulusi,乐器_葫芦丝
/mi/852,852,,健身设备_拉力器
/g/11cks1j7x0,655,Flamingo,动物_火烈鸟
/m/063jpp,160,Cultural landscape,人_人文景观
/m/015w7p,1635,Cauliflower,蔬菜_花菜
/mi/1902,1902,,运动_广场舞做操
/mi/othersupplies,,,其他用品
/m/07yv9,,Vehicle,交通工具
/mi/1838,1838,,印刷手绘截屏_走势图
/m/0162_1,1328,Towel,日常用品_毛巾
/m/0l515,1592,Sandwich,食品_三明治
/mi/788,788,,服饰_洞洞鞋
/m/0m2yl,1515,Oden,食品_关东煮
/m/012r7vq8,1655,Bok choy,蔬菜_小白菜
/mi/1321,1321,,日常用品_量衣尺
/m/06rk8r,992,FC Red Bull Salzburg,瓶装_饮料_红牛
/mi/peopledesert,156,People Desert,人_沙漠
/m/01kcnl,468,Birthday,场景_生日
/mi/338,338,,餐厨_煎药壶
/mi/otherdoc,,,其他文档
/mi/1065,1065,,其他_水管车
/mi/322,322,,餐厨_电饼锅
/m/03bx2yv,1216,AC adapter,日常用品_电源适配器
/m/0dwx7,,Logo,logo
/m/0jtt9,1640,Chili pepper,蔬菜_辣椒
/m/05fyjh,789,Asian conical hat,服饰_斗笠
/g/11bc58hv8m,1550,Wasabi,食品_芥末
/m/02p16pn,952,Academic certificate,票证卡_毕业证
/mi/clothing,,Clothing,衣服
/m/0d31p,766,Vacuum cleaner,房间内_吸尘器
/m/03t6qd,982,Pocari Sweat,瓶装_饮料_宝矿力水特
/m/06f_v,283,Random-access memory,办公_内存
/mi/1262,1262,,日常用品_烘鞋器
/mi/1252,1252,,日常用品_共享充电宝
/m/057cc,278,Musical keyboard,办公_键盘
/m/03kjz6,1400,Vaporizer,日常用品_雾化器
/m/01wfr4,1523,Hanamaki,食品_花卷
/m/01xqw,934,Cello,乐器_大提琴
/mi/1298,1298,,日常用品_金属探测仪
/m/01hhp3,667,Domestic yak,动物_牦牛
/m/03120,909,Flag,街头_旗帜
/m/0g2bc,1890,Unmanned aerial vehicle,娱乐_无人机
/m/03ffw1,1030,QR code,其他_二维码
/m/01n5_8,787,Hard hat,服饰_安全帽
/m/01jfsr,711,Lantern,房间内_灯笼
/m/0fszt,1707,Cake,甜点_蛋糕
/mi/1754,1754,,玩具_玩具汽车
/mi/359,359,,餐厨_烧烤夹子
/g/125_c6fq7,380,Disposable tableware,餐厨_一次性餐具
/mi/784,784,,风景_老式门把手
/m/054ql,1871,Magnetic tape,娱乐_磁带
/m/05zmb,207,Parachuting,运动_跳伞
/mi/483,483,,场景_卧铺车厢
/g/120vb81q,1963,Cotton,植物_棉花
/m/018w8,111,Basketball,运动_篮球
/m/06l9r,34,Red panda,动物_小熊猫
/mi/452,452,,场景_楼盘沙盘
/mi/331,331,,餐厨_固体酒精
/m/099fz,1996,Sand,自然_沙子
/mi/1812,1812,,印刷手绘截屏_定额发票
/m/02p0_8y,1366,Hand fan,日常用品_扇子
/g/12271sbv,1353,,日常用品_汽车钥匙
/m/01l51v,510,Tree planting,场景_植树
/m/01jgnh,664,Herons,动物_鹭
/m/025_q22,1033,Remote manipulator,其他_机械臂
/mi/1610,1610,,食品_粽子
/m/06kh3v,1788,Set square,文具_三角尺
/m/02_58j,484,Bedroom,场景_卧室
/mi/liquiddetergent,1417,Liquid detergent,日常用品_洗护_洗衣液
/mi/859,859,,街头_LED电子屏
/m/02422r,1155,Futon,日常常用_蒲团
/m/0wfyqnf,743,Smart lock,房间内_门锁
/m/0czz2,50,Antelope,动物_羚羊
/mi/866,866,,街头_导航牌
/m/02_tc,123,Premier League,运动_足球
/mi/1981,1981,,著名景点_法国凯旋门
/mi/1620,1620,,首饰_珍珠首饰
/m/0fkjv,1666,Sugarcane,水果_甘蔗
/m/07_l6,185,Viola,乐器表演_中小提琴
/m/01h8pw,171,Lottery,票证卡_彩票
/m/09w9qp,878,Pipe,街头_管道
/mi/bottledrink,979,bottled drink,瓶装_饮料
/m/03bxzgm,118,Google Street View,街景
/m/0hqkz,1686,Grapefruit,水果_葡萄柚
/m/03mb156,1874,Headset,娱乐_耳麦
/mi/1779,1779,,文具_卷笔刀
/mi/459,459,,场景_泥土地
/m/0h989,1889,Go,娱乐_围棋
/mi/930,930,,街头_柱子
/m/09k5z,1431,,日常用品_雪茄
/mi/229,229,,LOGO_捷豹logo
/mi/827,827,,服饰_中式婚纱
/m/0l14j_,935,Flute,乐器_笛子
/m/04z1tn,855,Elliptical trainer,健身设备_椭圆机
/m/04ylt,1089,Missile,其他物体_导弹
/mi/1164,1164,,日常用品_U型剪刀
/m/01cgz,127,Boxing,运动_拳击
/mi/1257,1257,,日常用品_滚轮线
/mi/1333,1333,,日常用品_迷你usb灯
/mi/911,911,,街头_射灯
/m/01lg_9,1735,Diabolo,玩具_空竹
/m/03c1zh2,1296,Eyelash curler,日常用品_睫毛夹
/m/01sgl,130,Cycling,运动_骑行
/mi/265,265,,办公_档案袋
/m/02p4dfn,446,Lectern,场景_教室_讲台
/m/02cp5,1042,Dragon,其他_龙
/mi/194,194,,乐器表演_西式吹奏
/m/07kc9qj,537,Kyoto Railway Museum,车船飞机_火车_蒸汽火车
/m/0d53l2,933,Condom machine,街头_自动售货机
/g/11dyhsd5s,67,Shopping center,商场
/mi/703,703,,房间内_厕所卷纸桶
/m/03m3n93,575,Baby walker,车船飞机_学步车
/mi/881,881,,街头_混凝土搅拌器
/m/01bq_,1782,Utility knife,文具_美工刀
/m/028g_j,861,Epigraphy,街头_碑文
/m/01_bhs,1560,Fast food,食品_快餐
/mi/1319,1319,,日常用品_脸部按摩棒
/mi/1922,1922,,运动装备_俯卧撑用品
/mi/540,540,,车船飞机_机动车工程车_电瓶车
/mi/1085,1085,,其他物体_安保防爆盾牌
/mi/1021,1021,,瓶装_饮料_营养快线
/m/01jw00,691,Common warthog,动物_疣猪
/m/01vksx,1842,Pirates of the Caribbean: The Curse of the Black Pearl,游乐场设备_海盗船
/m/01xj_,1645,Celery,蔬菜_芹菜
/m/025_v,1970,Cactus,植物_仙人掌
/mi/469,469,,场景_石油开采
/m/011snsg9,1908,Mount &amp; Blade II: Bannerlord,运动_骑马
/m/09gtd,1304,Toilet paper,日常用品_卷纸
/m/0784b7,1043,Kompas,其他_罗盘
/m/03tp08,665,Malayan tapir,动物_马来貘
/m/02z8cp4,1162,Payment terminal,日常用品_POS机
/mi/1126,1126,,人_宝宝玩秋千
/m/0f0hb,235,Narwhal,LOGO_联想logo
/mi/1179,1179,,日常用品_鞭炮烟花
/m/012x63,73,Castle in the Sky,天空
/m/057ph,626,Mickey Mouse,动漫角色_米老鼠
/g/11bc6kr91p,1513,fu zhu,食品_腐竹
/m/0983v,107,Barbecue,烧烤
/m/03sqmf,1607,Popeyes,食品_炸鸡
/m/07059,733,Switch,房间内_开关
/mi/1169,1169,,日常用品_按键手机
/m/0306r,42,Fox,动物_狐
/m/02qctq,1669,Pitaya,水果_火龙果
/mi/959,959,,票证卡_驾驶证和行驶证
/mi/1462,1462,,日常用品_婴儿充气泳池
/m/01xwx2,614,Weevil,虫_象鼻虫
/m/0d2gl1,801,Knee pad,服饰_护膝
/g/11c0vt22nn,1898,Ballerina,运动_芭蕾
/mi/1442,1442,,日常用品_眼镜盒
/m/01cmm2,1715,Monocular,玩具_单筒望远镜
/mi/213,213,,LOGO_宝马minilogo
/m/0ds1584,1490,Quail eggs,食品_鹌鹑蛋
/mi/972,972,,票证卡_准考证
/m/03g8mr,1918,Baseball bat,运动装备_棒球棒
/m/0djtd,1973,Coconut,植物_椰子树
/m/0269r2s,1104,Chain,其他物体_链条
/g/1s05rnkyy,1109,Grenade,其他物体_手雷
/m/0bwgjh,760,Medical thermometer,房间内_体温计
/g/11bwywl9py,1703,Adidas Yeezy,水果_椰子
/m/0b5npj,716,Smart meter,房间内_电表
/mi/1858,1858,,游戏截图_欢乐斗地主截图
/mi/1143,1143,,人_写作业
/mi/crispyrice,1516,crispy rice,食品_锅巴
/m/04gjp9,1306,Air purifier,日常用品_空气净化器
/m/01lynh,453,Stairs,场景_楼梯
/m/023zh4,937,Erhu,乐器_二胡
/g/120hz5hz,1526,Ham sausage,食品_火腿肠
/mi/28,28,,刺身寿司
/m/0h63zsg,1232,Potty chair,日常用品_儿童坐便器
/m/034kyj,1150,Sha Wujing,人物_沙僧
/m/282,282,,办公_录音笔
/mi/volleyball,1932,Volleyball,运动装备_排球
/m/025ypk,,Expedia,活动
/m/094jc,1900,Fishing,运动_钓鱼
/mi/1831,1831,,印刷手绘截屏_日历挂历
/mi/366,366,,餐厨_勺子挂架
/mi/1058,1058,,其他_圣诞帽
/mi/955,955,,票证卡_出生证明内页
/mi/1968,1968,,植物_桃花
/mi/1047,1047,,其他_模糊图
/mi/1009,1009,,瓶装_饮料_水溶C100
/m/06_4_k,1322,Cage,日常用品_笼子
/m/0cjq5,663,Lobsters,动物_龙虾
/m/097wdq,704,Infrared thermometer,房间内_测温枪
/m/0bxkd7,1014,Vitasoy,瓶装_饮料_维他奶
/m/027lty0,509,Curio cabinet,场景_展示柜
/mi/1753,1753,,玩具_玩具华容道
/m/01fqc_,1340,Baby bottle,日常用品_奶瓶
/m/0c06p,1312,Candle,日常用品_蜡烛
/m/01ddcs,466,Sand art and play,场景_沙雕
/m/04y0_x,103,Hot pot,火锅
/mi/154,154,,人_湖泊河流
/m/03__z0,754,Bookcase,房间内_书架
/m/01jw_1,432,Bus stop,场景_公交站
/mi/113,113,,聊天窗口
/m/03mw1c,385,Kitchen hood,餐厨_油烟机
/m/0c2jj,1247,Axe,日常用品_斧头
/mi/478,478,,场景_涂鸦墙
/m/01szt7,1545,Macadamia,食品_坚果_夏威夷果
/m/012ckm,435,Bonfire,场景_篝火
/mi/1379,1379,,日常用品_手机_手机背面
/m/0r4kr10,1259,Dashcam,日常用品_行车记录仪
/mi/1041,1041,,其他_灵位
/m/0xsc,532,Aircraft carrier,车船飞机_航空母舰
/m/02kvln,608,Longhorn beetle,虫_天牛
/m/0fq_j,1064,Nunchaku,其他_双节棍
/mi/441,441,,场景_货摊
/m/03nfmq,81,Architecture,建筑
/mi/1714,1714,,玩具_打地鼠玩具
/m/03wvsk,1195,Hair dryer,日常用品_吹风机
/m/0hgfx,268,Printed circuit board,办公_电路板
/mi/170,170,,票证卡_其他证件_notuse
/mi/1864,1864,,游戏截图_王者荣耀截图
/m/06dq9,1103,Radar,其他物体_雷达
/m/0l7_8,6,Floor,NEG_地面
/m/06fk8,1082,Revolver,其他_左轮手枪
/m/027xhm0,744,Wood flooring,房间内_木地板
/m/04zw0rn,1567,Liangpi,食品_凉皮
/m/0168s_,244,Safari,LOGO_苹果logo
/m/09ddx,60,Duck,动物_鸭
/mi/1182,1182,,日常用品_车载充电器
/mi/1178,1178,,日常用品_编织袋
/m/03c0dn6,715,Floor drain,房间内_地漏
/m/01xq0k1,40,Cattle,动物_牛
/mi/1974,1974,,植物_银杏叶
/m/058r9z,327,Rolling pin,餐厨_擀面杖
/m/053vgx,1576,Wood ear,食品_木耳
/mi/588,588,,虫_椿蹦
/m/04f5ws,344,Bottle opener,餐厨_开瓶器
/m/0cyhj_,1663,Orange,水果_橙子
/m/01k6s3,375,Toaster,餐厨_吐司机
/g/121p665l,585,Cicadidae,虫_蝉
/m/0zrsg3s,725,Comptoir des Cotonniers,房间内_柜子
/m/0b48hv,1993,Rainbow,自然_彩虹
/mi/561,561,,车船飞机_其他车_购物拖车
/m/06mf6,29,Rabbit,动物_兔子
/m/015kr,88,Bridge,桥梁
/m/04gkdb8,1011,Wong Lo Kat,瓶装_饮料_王老吉
/m/01j3j8,454,Recording studio,场景_录音棚
/m/05676x,1795,Pencil case,文具_文具盒
/m/066bng,1701,Chinese bayberry,水果_杨梅
/m/025s9qt,1146,Hug,人_拥抱
/mi/1449,1449,,日常用品_药膏支装
/m/027xjp2,1929,Caster board,运动装备_轮滑板
/m/084wv5,504,Children of the Corn: The Final Sacrifice,场景_玉米地
/mi/335,335,,餐厨_锅铲
/m/03dnzn,775,Bathtub,房间内_浴缸
/m/026s1n,903,Yurt,街头_蒙古包
/m/0dfxd2x,1646,Green chilies,蔬菜_青椒
/mi/141,141,,票证卡_户口本
/mi/othercharacters,,,其他人物
/mi/1209,1209,,日常用品_电击棍
/g/155pncrj,1589,tofu sheet,食品_千张
/m/0v0pdkf,1153,Zhu Bajie,人物_猪八戒
/mi/321,321,,餐厨_捣药罐
/mi/1854,1854,,游戏截图_超级玛丽截图
/mi/1860,1860,,游戏截图_连连看截图
/m/02dl1y,806,Hat,服饰_帽子
/m/07j7r,86,Tree,树
/m/06ncr,948,Saxophone,乐器_萨克斯
/m/045csf,653,Horseshoe crab,动物_鲎
/m/014v7p,397,Zebra crossing,场景_斑马线
/m/03t7l5,1282,Stopwatch,日常用品_计时器
/m/01b7fy,1872,Headphones,娱乐_耳机
/m/028b90t,997,Jianlibao Group,瓶装_饮料_健力宝
/m/0ctbfd,1205,Button cell,日常用品_电池_纽扣电池
/m/02q1jcp,718,Pendant light,房间内_吊灯
/m/01p5_1,1879,Instant camera,娱乐_拍立得
/mi/1866,1866,,游戏截图_消消乐截图
/mi/748,748,,房间内_热水器
/mi/1676,1676,,水果_莲蓬
/mi/985,985,,瓶装_饮料_东方树叶
/mi/1959,1959,,植物_立式花篮
/m/0b6g0hf,1982,CTF Finance Centre,著名景点_广州塔
/m/06c7f7,1268,Lipstick,日常用品_化妆_唇膏口红
/mi/991,991,,瓶装_饮料_和其正凉茶
/m/071k0,100,Skiing,运动_滑雪
/g/11f3w6vyly,424,Adrift,场景_风景_漂流
/m/061_f,1673,Pear,水果_梨
/m/01j5ks,1173,Wrench,日常用品_扳手
/m/0lyf_,481,Greenhouse,场景_温室
/mi/363,363,,餐厨_烧水壶底座
/m/029b3,1887,Dice,娱乐_骰子
/g/120p4gwp,1674,Plum,水果_李子
/m/0cntsy,458,"Musée des Arts Décoratifs, Paris",场景_美术馆艺术馆
/mi/25,25,,候车候机大厅
/mi/1122,1122,,人_宝宝吃奶嘴
/mi/1461,1461,,日常用品_隐形眼镜盒
/m/06_g7,125,Surfing,运动_冲浪
/m/016wfy,829,Pomeranian,狗_博美
/m/02ll1_,1388,,日常用品_锁
/mi/hangingseat,1223,hanging seat,日常用品_吊椅
/m/01f5pq,284,Memory card,办公_内存卡
/m/01hrv5,1492,Popcorn,食品_爆米花
/mi/358,358,,餐厨_热得快
/m/01b638,821,Boot,服饰_靴子
/m/01x3z,1486,Clock,日常用品_钟表
/mi/957,957,,票证卡_房产证
/mi/1189,1189,,日常用品_抽纸盒
/mi/gamesnapshot,,,游戏截图
/m/02bp6,624,Doraemon,动漫角色_机器猫
/mi/361,361,,餐厨_烧煤炉子
/mi/333,333,,餐厨_罐头开瓶器
/m/09j1x,809,Undergarment,服饰_内衣
/m/03y7y0,1460,Music box,日常用品_音乐盒
/mi/451,451,,场景_林中小路
/mi/463,463,,场景_亲子小火车
/m/04lfm2_,1305,Canteen,日常用品_军用水壶
/m/05hsx3,1433,Glucose meter,日常用品_血糖仪
/mi/248,248,,LOGO_索尼logo
/m/01vvbn,1051,Wooden fish,其他_木鱼
/g/11dxjxfr8g,106,Fireworks,烟花
/g/11c3rq9pqp,1186,,日常用品_充电宝
/mi/237,237,,LOGO_路虎Logo
/m/01s012,1752,Top,玩具_陀螺
/m/01zh5,681,Capybara,动物_水豚
/mi/speedboat,520,speedboat,车船飞机_船类_快艇
/m/01s_bn,811,Button,服饰_纽扣
/m/02hdzl,625,Crayon Shin-chan,动漫角色_蜡笔小新
/m/0198jf,249,MSN,LOGO_微软logo
/m/02b389,1350,Bottle cap,日常用品_瓶盖
/m/0syzv,1685,Raisin,水果_葡萄干
/m/084sq,44,Wolf,动物_狼
/m/0244x1,1140,Gesture,人_手势
/mi/1406,1406,,日常用品_洗护_护肤化妆品
/mi/1131,1131,,人_登记照
/m/04gtxcy,813,Business suite,服饰_商务服装
/m/03d443,41,Rhinoceros,动物_犀牛
/m/0b5vmz,422,Prayer flag,场景_风景_经幡
/m/01llwg,1617,Necklace,首饰_项链
/m/01g0g,932,Brick,街头_砖头
/m/03d1f13,794,Dress form,服饰_服装模特
/m/05jnl,1805,Newspaper,印刷手绘截屏_报纸
/m/0_ftdcx,306,Cup,餐厨_杯子
/mi/708,708,,房间内_床品_凉席
/mi/flexiblerule,1787,flexible rule,文具_软尺
/mi/200,200,,文档_黑板
/m/013xlm,572,Tractor,车船飞机_拖拉机
/mi/871,871,,街头_电力塔输电线路
/m/02l1gq,1444,Blindfold,日常用品_眼罩
/m/tree,,Tree,树
/m/061hd_,1463,Infant bed,日常用品_婴儿床
/m/01tff7,573,Excavator,车船飞机_挖土机
/mi/1084,1084,,其他物体_CT片
/mi/1111,1111,,其他物体_塑料水管
/m/06l8d,402,Restaurant,场景_餐厅
/m/03yx2p,931,Claw crane,街头_抓娃娃机
/mi/1861,1861,,游戏截图_麻将游戏截图
/mi/986,986,,瓶装_饮料_东鹏特饮
/m/054nt7,285,Staple remover,办公_起钉器
/m/04ykml,702,Dustpan,房间内_簸箕
/m/08dl6d,1595,Shaobing,食品_烧饼
/mi/981,981,,瓶装_饮料_百事可乐听装
/mi/1814,1814,,印刷手绘截屏_工号牌
/mi/1036,1036,,其他_卡通圣诞老人
/m/05t4q,1145,Physician,人_医生
/mi/1105,1105,,其他物体_螺纹钢
/g/122fpn6r,133,Drink,饮品
/mi/498,498,,场景_影院报告厅
/mi/1816,1816,,印刷手绘截屏_户型图
/mi/peoplesnow,159,people snow,人_雪
/m/05j11x,534,Rear-view mirror,车船飞机_后视镜
/mi/562,562,,车船飞机_其他车_手推平板车
/mi/1246,1246,,日常用品_浮漂
/mi/1172,1172,,日常用品_拔罐器
/m/04kkgm,376,Bowl,餐厨_碗
/m/0bmr5v,1365,Hourglass,日常用品_沙漏
/m/01dl3j,174,Banknote,票证卡_纸币
/m/097z9j,1990,Great Wall Motors,著名景点_长城
/m/01fnj5,1034,Motor oil,其他_机油
/g/11bwf3m36f,1639,Bitter melon,蔬菜_苦瓜
/m/0l7xg,1086,Gear,其他物体_齿轮
/mi/1397,1397,,日常用品_万年历电子钟
/m/020vl,1590,Chocolate,食品_巧克力
/m/014dbh,440,Railway platform,场景_火车站台
/mi/1733,1733,,玩具_解锁玩具
/g/1232c2r0,902,Thatched Cottages at Cordeville,街头_茅草屋
/m/05_vhd,1176,Snuff bottle,日常用品_鼻烟壶
/m/01z8r0,,Staple,主食
/m/0h6955b,251,Xiaomi,LOGO_小米公司logo
/m/02wsb25,973,White wine,瓶装_白酒
/m/06rwyj,1552,Chrysanthemum tea,食品_菊花茶
/m/050gv4,355,Plate,餐厨_盘子
/m/0k5c3,1045,Mermaid,其他_美人鱼
/mi/1229,1229,,日常用品_儿童牵引绳
/mi/1040,1040,,其他_老式放映机
/g/11cp7gjh1b,1572,Marshmello,食品_棉花糖
/m/01d2_z,875,Wind turbine,街头_风力发电机
/m/02v_gm_,1593,Sachima,食品_沙琪玛
/m/0176mf,812,Belt,服饰_皮带
/mi/1818,1818,,印刷手绘截屏_简笔画
/m/0n28_,672,True crabs,动物_螃蟹
/m/0bxdx,1725,Windmill,玩具_风车
/mi/1427,1427,,日常用品_小马扎
/m/02m16_,851,Ostrich Fern,健身设备_毽子
/mi/1193,1193,,日常用品_穿衣镜
/m/02xqq,263,Fax,办公_传真机
/mi/66,66,,合影
/m/0342h,943,Guitar,乐器_吉他
/g/122g3p1q,1177,Condom,日常用品_避孕套
/m/01ws5,,Culture,人文
/m/0cl4p,636,Hedgehog,动物_刺猬
/mi/225,225,,LOGO_福特logo
/m/02m46p,706,Residual-current device,房间内_插座
/m/06_nm,1986,Sydney Opera House,著名景点_悉尼歌剧院
/m/05s2s,89,Plant,植物
/m/0284w,91,Desert,沙漠
/m/01bjv,515,Bus,车船飞机_巴士
/m/031_tp,1154,Litter box,日常常用_猫砂盆
/m/0kmg4,843,Teddy bear,狗_泰迪
/m/0149r,137,Aquarium,水族馆
/m/0dj6p,1695,Peach,水果_桃
/mi/1383,1383,,日常用品_数字钟
/mi/318,318,,餐厨_蛋仔机
/m/0cvnqh,929,Bench,街头_长椅
/mi/1794,1794,,文具_文具袋
/mi/1006,1006,,瓶装_饮料_雀巢咖啡瓶装
/m/010pkp62,448,Google Classroom,场景_课堂
/mi/1540,1540,,食品_坚果_葵瓜子
/mi/246,246,,LOGO_三星logo
/m/0cmf2l_,384,Oil can,餐厨_油壶
/mi/otherneg,,,其他NEG
/mi/12,12,,NEG_虫类_notuse
/mi/870,870,,街头_电动摇摇乐
/m/06nwz,94,Seafood,海鲜
/m/022hy,1063,Crucifix,其他_十字架
/m/0k1tl,1759,Pen,文具_笔
/m/0529w,647,Manatees,动物_海牛
/m/08l44y,405,Garage,场景_车库
/g/11bwky6zkv,1767,Brush pot,文具_笔筒
/m/08790l,428,Boutique,场景_服装店
/m/01n3yx,546,Warship,车船飞机_军舰
/m/0jxxt,1911,Horse racing,运动_赛马
/mi/1029,1029,,其他_电焊台
/m/0407tc,569,International Harvester,车船飞机_收割机
/m/0d5qx,1984,Colosseum,著名景点_罗马斗兽场
/m/0130jx,1349,Sink,日常用品_盆子
/mi/1727,1727,,玩具_故事机
/mi/hulusi,184,Hulusi,乐器演奏_葫芦丝
/m/048r7_,400,Ice sculpture,场景_冰雕
/m/047p90x,781,Spring Temple Buddha,风景_景区大钟
/m/06xbd,916,Solar energy,街头_太阳能
/m/0fg_n,1412,Shampoo,日常用品_洗护_洗发水
/m/01dkr1,643,Shoebill,动物_鹳
/m/03ylns,577,Baby transport,车船飞机_婴儿车
/mi/1038,1038,,其他_口腔镜
/m/0hs8k,1081,Bullet,其他_子弹
/m/016x87,1689,Hawthorns,水果_山楂
/m/0ctv6x,724,Suncatcher,房间内_挂件
/m/01_v7j,145,Identity document,票证卡_身份证
/g/drink,,Drink,饮料
/mi/764,764,,房间内_温度调节器
/m/0jwn_,1692,Pomegranate,水果_石榴
/m/05_zzv,328,Steel wool,餐厨_钢丝球
/mi/1943,1943,,运动装备_腕力器
/m/09759,1502,Rice,食品_大米
/m/028wlm,616,Rove beetle,虫_隐翅虫
/m/08ln7r,671,Pond loach,动物_泥鳅
/mi/1057,1057,,其他_设备箱
/m/09rvcxw,1098,Rocket,其他物体_火箭
/m/04xqx,135,Mahjong,麻将
/m/0404d,,Jewellery,首饰
/mi/otherclothing,,,其他服饰
/m/06xkx6,1447,Oxygen tank,日常用品_氧气瓶
/m/0ftb8,1971,Common sunflower,植物_向日葵
/m/09k76,1423,Cigarette,日常用品_香烟
/m/0138tl,,Toy,玩具
/mi/1764,1764,,文具_笔_水彩笔
/m/04y9_,298,Microscope,办公_显微镜
/m/0cyw13,1529,Popcorn Chicken,食品_鸡米花
/mi/culturalother,1803,Cultural Other,文物_其他
/mi/1719,1719,,玩具_钓鱼玩具
/m/04bcff,1535,Goji,食品_坚果_枸杞
/m/09k40,1386,Bong,日常用品_水烟壶
/g/120j31xn,1650,Potato,蔬菜_土豆
/m/03q13l,494,Deck,场景_阳台
/mi/420,420,,场景_风景_航拍图
/mi/1432,1432,,日常用品_雪茄剪
/m/07j41f,618,Cockroach,虫_蟑螂
/m/01cndb,,Stationery,文具
/m/07_53,128,Volleyball,运动_排球
/g/121d6cvv,1185,,日常用品_秤砣
/m/0d8hr_,394,Paper cup,餐厨_纸杯
/mi/433,433,,场景_公交站牌
/m/01xyhv,818,Suit,服饰_西服
/m/06k_y8,589,Wheel bug,虫_椿象
/m/01y9k5,779,Desk,房间内_桌子
/m/02t6t4,1551,Enokitake,食品_金针菇
/mi/tennis,1944,Tennis,运动装备_网球
/m/01tqs1,22,Biscuit,主食_饼
/mi/1166,1166,,日常用品_u型枕头
/mi/832,832,,狗_德牧犬
/mi/347,347,,餐厨_沥水架
/mi/701,701,,房间内_冰箱货柜
/m/018c_r,1018,Starbucks,瓶装_饮料_星巴克咖啡
/m/015qff,884,Traffic light,街头_交通信号灯
/m/017rgb,1845,Ferris wheel,游乐场设备_摩天轮
/m/09j2d,169,Clothing,服装
/m/042dlw,966,Braun,票证卡_授权牌
/m/0659_7,15,Baozi,主食_包子
/g/11fn09pyb2,1946,Yoga Ball,运动装备_瑜伽球
/m/08vtlt,1648,Yam,蔬菜_山药
/mi/1118,1118,,其他物体_自助终端机
/m/040b_t,700,Refrigerator,房间内_冰箱
/m/04gvd_,732,Compact fluorescent lamp,房间内_节能灯
/mi/1137,1137,,人_面膜人脸
/mi/1445,1445,,日常用品_验孕棒
/mi/undergarment,,Undergarment,内衣
/m/015_x,126,Cue sports,运动_台球
/g/120t4qfq,423,Cable transport,场景_风景_缆车
/m/039m_z,927,Portable toilet,街头_移动厕所
/m/01lr2,1083,Central processing unit,其他物体_CPU
/mi/1732,1732,,玩具_积木电路
/mi/1276,1276,,日常用品_火钳
/mi/1336,1336,,日常用品_灭蚊喷雾
/mi/Q5636975,,,办公设备
/mi/1369,1369,,日常用品_生胶带
/mi/1857,1857,,游戏截图_和平精英游戏截图
/m/01v327,182,Lawn,草坪
/m/035m2c,705,Dead bolt,房间内_插销门栓
/m/021mx8,1191,Casino token,日常用品_筹码
/mi/land,,Land,陆上
/m/07j2f,1071,Tattoo,其他_纹身
/mi/1730,1730,,玩具_机器狗
/g/11bwd8_620,1885,Radio receiver,娱乐_收音机
/m/09_rtk,1385,Water tank,日常用品_水缸
/m/018gpn,1905,Hurdling,运动_跨栏
/m/0j2kx,102,Waterfall,瀑布
/g/121bcv6k,,Nut,坚果
/m/06lpz,1324,Roulette,日常用品_轮盘赌
/mi/1436,1436,,日常用品_牙签盒
/m/01djxm,668,Meerkat,动物_獴
/m/03j9kw,606,Leech,虫_水蛭
/mi/888,888,,街头_井盖
/m/0vztf48,75,Infant clothing,婴幼儿
/m/02_45f,1343,Tweezers,日常用品_镊子
/g/11g8btw2yq,1168,Glass breaker,日常用品_安全锤
/m/0f8sw,1704,Cherry,水果_樱桃车厘子
/m/04yd_hw,780,Huabiao,风景_华表
/m/02g3g4,16,Youtiao,主食_油条
/m/01gxnj,1561,Bratwurst,食品_腊肠
/g/120lws10,1533,Chestnut,食品_坚果_板栗
/mi/1060,1060,,其他_圣诞麋鹿卡通
/m/0zvk5,795,Helmet,服饰_钢盔
/m/04sw5p,1410,Shaving cream,日常用品_洗护_剃须膏
/mi/1440,1440,,日常用品_眼部按摩仪
/m/04dw8c,1035,Angle grinder,其他_角磨机
/m/019mbd,1112,Antenna,其他物体_天线
/mi/847,847,,健身设备_动感单车
/m/051y16,1053,Shadow play,其他_皮影戏
/mi/childplayground,136,Child Playground,儿童游乐场
/mi/1619,1619,,首饰_玉镯
/g/11lj03wmwk,1992,The Ice Road,自然_冰
/mi/778,778,,房间内_中国结
/m/01gtwf,637,Electrophorus electricus,动物_电鳗
/m/smalldoll,105,Doc McStuffins,NEG_玩偶小
/mi/369,369,,餐厨_水瓢
/m/058z32,1833,Tibetan eye chart,印刷手绘截屏_视力表
/m/0cd3bj,918,Chain-link fencing,街头_铁丝网
/m/084tp,164,Walrus,动物_海象
/m/02fjbm,1798,Correction fluid,文具_修正液
/mi/662,662,,动物_六角龙鱼
/mi/891,891,,街头_警示柱
/m/01j4z9,1210,Chainsaw,日常用品_电锯
/m/03hfvkp,1074,Tin foil,其他_锡纸
/m/03m0_6,844,Schnauzer,狗_雪纳瑞
/mi/907,907,,街头_鸟舍
/m/0gxkm,670,Parma Calcio 1913,动物_奶牛
/mi/1584,1584,,食品_藕片
/m/087zy,1916,Yoga,运动_瑜伽
/m/04stwn,874,Utility pole,街头_电线杆
/m/079b1s,488,Porthole,场景_舷窗
/m/051_hz2,999,Escola v. Coca-Cola Bottling Co.,瓶装_饮料_可口可乐瓶装
/m/0cx45,77,Temple,寺庙
/mi/volkswagenlogo,220,Volkswagen Logo,LOGO_大众logo
/m/04f4hjs,1813,Fu,印刷手绘截屏_福字
/m/01k3tq,833,Bulldog,狗_斗牛犬
/m/03ylg74,975,Wuliangye Yibin,瓶装_白酒_五粮液
/m/04yf7w2,1528,Egg waffle,食品_鸡蛋仔
/m/076xvkt,1404,Soap dish,日常用品_洗护_肥皂盒
/g/121zv4js,592,Bees,虫_蜂
/m/01cbzq,2000,Rock,自然_岩石
/m/0cqn2,1919,Horizontal bar,运动装备_单杠
/mi/1746,1746,,玩具_沙滩玩具
/m/05sx9,1024,Pharaoh,其他_埃及法老
/mi/1424,1424,,日常用品_香烟盒
/mi/819,819,,服饰_西式婚纱
/m/01khmg,1985,Great Sphinx of Giza,著名景点_狮身人面像
/m/09qs_s,1875,Zathura: A Space Adventure,娱乐_飞行棋
/m/0bmc4wk,1793,Palette,文具_调色盘
/mi/1737,1737,,玩具_迷宫玩具
/m/06wyb6,1541,Pumpkin seed,食品_坚果_南瓜子
/m/02_gw4,1994,Vardenafil,自然_火焰
/mi/834,834,,狗_古牧犬
/m/09jfs,,Uniform,制服
/m/02y8mg,476,Gazebo,场景_亭子
/m/07crc,1553,Taco,食品_卷饼
/m/01jk_4,926,Chimney,街头_烟囱
/mi/1527,1527,,食品_鸡蛋袋装
/mi/337,337,,餐厨_红酒开瓶器
/m/0hk5_,236,Ichiro Suzuki,LOGO_铃木logo
/m/025nd,1061,Christmas tree,其他_圣诞树
/mi/373,373,,餐厨_桶装水
/mi/1367,1367,,日常用品_摄影补光灯
/m/0h9mv,551,Tire,车船飞机_轮胎
/m/02q08p0,104,Dish,菜肴
/mi/1734,1734,,玩具_金属永动仪
/m/0128rxy6,70,Zootopia,城市
/mi/1130,1130,,人_戴口罩
/mi/dartboard,1921,Darts Board,运动装备_飞镖盘
/m/01_xs,1345,Crossbow,日常用品_弩
/m/01h44,633,Bats,动物_蝙蝠
/m/075l0w,765,Mosquito net,房间内_蚊帐
/g/120j33jd,57,Donkey,动物_驴
/mi/1638,1638,,蔬菜_菌类蘑菇
/m/0flh8c,,Outdoor fireplace,室外
/mi/1446,1446,,日常用品_养生锤
/m/01g3x7,1925,Bow and arrow,运动装备_弓箭
/mi/1747,1747,,玩具_手办小人
/m/065p03,1660,Areca palm,水果_槟榔
/m/028496y,291,Double-sided tape,办公_双面胶
/mi/906,906,,街头_灭火箱
/g/11bv1xn4_x,1472,Action camera,日常用品_运动相机
/m/030c3d,271,Magnifying glass,办公_放大镜
/m/01lsmm,1290,Scissors,日常用品_剪刀
/g/11ny4zr8hf,556,Retro Twist The Car,车船飞机_扭扭车
/m/04ctx,319,Knife,餐厨_刀
/m/079cw8,496,Night market,场景_夜市
/m/07z4p,1883,Video,娱乐_摄像机
/m/0cn6p,680,Otters,动物_水獭
/m/01vk9q,475,Railway track,场景_铁轨
/g/11fctqpw85,1142,Joker,人_小丑
/m/02g901,1391,Razor,日常用品_剃须刀
/mi/1622,1622,,蔬菜_白木耳
/m/0fx72,528,Airship,车船飞机_飞艇
/mi/1215,1215,,日常用品_电蚊香液
/g/11c53cstyt,,Rainbow Ruby,宝宝
/m/0b3yr,93,Beach,海滩
/m/06vplw,1251,Toolbox,日常用品_工具箱
/m/03l34,302,Hard disk drive,办公_硬盘
/m/0c5q8,1776,Chalk,文具_粉笔
/m/01n9c4,648,Common gull,动物_海鸥
/m/01tq2l,524,Cruise ship,车船飞机_船类_邮轮
/m/03931h,912,Stele,街头_石碑
/mi/1525,1525,,食品_火锅丸
/mi/769,769,,房间内_下水器
/m/06k2mb,796,High-heeled shoe,服饰_高跟鞋
/g/121_j8v8,1532,Almond,食品_坚果_巴旦木
/m/02x0x5,750,Watering can,房间内_洒水壶
/m/07g485,479,Toy store,场景_玩具店
/m/01r0j5,1403,Sunscreen,日常用品_洗护_防晒霜
/mi/1241,1241,,日常用品_飞机杯
/mi/1076,1076,,其他_香烛
/m/026y434,798,Hanfu,服饰_汉服
/m/0119sz04,835,Husky,狗_哈士奇
/m/03msvx,1389,Spittoon,日常用品_痰盂
/mi/guzheng,188,Guzheng,乐器表演_古筝类
/m/05jrv,1520,Nori,食品_海苔
/mi/1399,1399,,日常用品_网线水晶头
/mi/4,4,,NEG_包装饮品_notuse
/m/074d1,565,Submarine,车船飞机_潜艇
/mi/414,414,,场景_地铁站闸口
/m/03bt1gh,96,Game,游戏
/m/01yzs,1828,Command-line interface,印刷手绘截屏_命令行界面
/m/04jm3v,1506,Egg roll,食品_蛋卷
/mi/1183,1183,,日常用品_车载吸尘器
/mi/1713,1713,,玩具_磁力棒
/mi/inkbrush,1778,ink brush,文具_画笔毛笔
/mi/149,149,,玩具_notuse
/m/08fnw_,1558,Ikan bakar,食品_烤鱼
/mi/1405,1405,,日常用品_洗护_肥皂香皂
/mi/1059,1059,,其他_圣诞麋鹿车
/mi/296,296,,办公_文件栏
/m/07mhn,,Trousers,裤子
/mi/1016,1016,,瓶装_饮料_鲜橙多
/m/01n5jq,879,Poster,街头_海报
/m/09b5t,59,Chicken,动物_鸡
/m/015p6,134,Birds,鸟
/m/029g5,1721,Dominoes,玩具_多米诺骨牌
/m/07vqnc,623,SpongeBob SquarePants,动漫角色_海绵宝宝
/m/06z3rh,1688,Red Mulberry,水果_桑葚
/mi/1941,1941,,运动装备_踏步机
/m/0311jl,1895,Gamepad,娱乐_游戏手柄
/mi/542,542,,车船飞机_机动车工程车_雷达车
/m/01lwf0,513,Alley,场景_走廊
/m/0_d6n,1742,Jigsaw puzzle,玩具_拼图
/g/11jfc_85h1,1134,Bigfoot Family,人_脚丫
/m/09kjpq,129,Underwater diving,运动_潜水
/mi/374,374,,餐厨_土灶台
/mi/1073,1073,,其他_武士盔甲
/m/025t5bz,1270,Rouge,日常用品_化妆_腮红
/m/02q3m7h,1351,Music stand,日常用品_谱架
/mi/1980,1980,,著名景点_东方明珠
/m/02vwcm,316,Whisk,餐厨_打蛋器
/m/07_4p,683,Vulture,动物_秃鹫
/m/05_fqh,304,Plastic wrap,餐厨_保鲜膜
/mi/1510,1510,,食品_豆干
/g/11bw82pznj,253,Ant-Man and the Wasp,LOGO_雪佛莱logo
/m/05xh2,1983,Pyramid,著名景点_金字塔
/m/02y929,1849,Swing,游乐场设备_秋千
/m/027qg4,1820,Pokémon Trading Card Game,印刷手绘截屏_卡片
/m/0fqt361,713,Stool,房间内_凳子
/mi/1254,1254,,日常用品_固体空气清新器
/m/0f734d,1637,Sung Kang,蔬菜_姜
/m/075t5x,576,Road roller,车船飞机_压路机
/m/0194d,112,Badminton,运动_羽毛球
/m/09csl,690,Eagle,动物_鹰
/m/0l517ym,64,Lu Han,动物_鹿
/m/01llx7,1616,Bracelet,首饰_手镯
/m/0216vm,815,Slipper,服饰_拖鞋
/m/0fqlj,1651,Lettuce,蔬菜_莴苣
/mi/1046,1046,,其他_面包板
/m/01crvy,1133,foot,人_脚
/m/013v4j,1693,Persimmon,水果_柿子
/mi/958,958,,票证卡_价格贴
/m/014ht3,1119,Cosplay,人_cosplay
/g/155pmqzw,1603,minced food ball,食品_丸子
/m/03tw93,698,Fireplace,房间内_壁炉
/m/025wky1,734,Air conditioning,房间内_空调
/m/02g_23,1800,Compass,文具_圆规
/m/077hh,831,Shiba Inu,狗_柴犬
/m/01tkqg,571,Bulldozer,车船飞机_推土机
/mi/216,216,,LOGO_本田logo
/mi/846,846,,健身设备_臂力器
/m/01r546,1611,Earring,首饰_耳饰
/mi/536,536,,车船飞机_火车_电力火车
/mi/1093,1093,,其他物体_骨架模型
/m/0bhbft6,1810,Line 1,印刷手绘截屏_地铁图
/g/122vxmhw,554,Electric motorcycles and scooters,车船飞机_摩托车电动车
/m/025s3q0,,,景色
/mi/988,988,,瓶装_饮料_芬达听装
/mi/facemask,1335,facemask,日常用品_面具
/m/01vzwd,1054,Mortar,其他_迫击炮
/mi/boxingglove,1939,boxing glove,运动装备_拳击手套
/m/05k9r6,547,"Fábrica Argentina de Aviones ""Brigadier San Martin"" S.A.",车船飞机_军用飞机
/m/01btbt,1534,Pecan,食品_坚果_碧根果
/g/12fgs6nt3,1945,,运动装备_网球拍
/m/01mvn6,1264,Ventilator,日常用品_呼吸机
/m/027djm,987,Frances Bean Cobain,瓶装_饮料_豆本豆
/m/0bt9lr,108,Dog,狗
/m/0d5zvd,678,Sloths,动物_树懒
/m/04cp_,51,Koala,动物_考拉
/m/03fnz,632,Gecko,动物_壁虎
/mi/1110,1110,,其他物体_水上步行球
/m/059vt0,601,The Very Hungry Caterpillar,虫_毛毛虫
/m/054hcy,1630,Green bean,蔬菜_豆角
/m/0642w22,1100,Intermodal container,其他物体_集装箱
/g/122tpwg0,1244,Wind Medicated Oil,日常用品_风油精
/g/1236mpw9,657,Goldfish,动物_金鱼
/m/09d_r,79,Mountain,山
/m/07fnvh,1869,Artificial hair integrations,娱乐_Switch
/mi/1756,1756,,玩具_洗澡玩具
/m/0275zwr,1467,Paint roller,日常用品_油漆滚筒
/m/01ym0f,181,National Aquarium,水族馆表演
/m/02w3_2,802,Formal wear,服饰_礼服
/m/01kzpc,886,Theodolite,街头_经纬仪
/m/04cwt15,993,Huiyuan Juice,瓶装_饮料_汇源果汁
/mi/badminton,1947,Badminton,运动装备_羽毛球
/m/02lggn,,European cuisine,西餐
/m/02268v,450,Barbershop,场景_理发店
/m/04f75tc,1275,Fire pit,日常用品_火盆
/m/018jz,1917,Baseball,运动装备_棒球
/mi/1079,1079,,其他_影子照片
/m/02zt3,876,Kite,街头_风筝
/m/0mw_6,1960,Willow,植物_柳树
/m/07y_7,951,Violin,乐器_小提琴
/m/0f7m2,1004,7 Up,瓶装_饮料_七喜
/m/0420v5,1938,Punching bag,运动装备_拳击沙袋
/mi/1020,1020,,瓶装_饮料_雪碧听装
/mi/1331,1331,,日常用品_门禁卡扣
/m/0c9ph5,116,Flower,花
/m/0203zq,1748,Water gun,玩具_水枪
/m/0jbk,,Animal,动物
/mi/1000,1000,,瓶装_饮料_可口可乐听装
/m/02rnblq,694,Mammut Sports Group,动物_长毛象
/m/01bf_1,1547,Oatmeal,食品_坚果_杏仁
/mi/1226,1226,,日常用品_逗猫棒
/m/0b23px,1415,Hand sanitizer,日常用品_洗护_洗手液
/m/09v1ymy,862,Bixi,街头_赑屃
/mi/bigdoll,13,Doc McStuffins,NEG_玩偶大
/m/03qsdpk,487,Theatre,场景_舞台
/mi/860,860,,街头_安检机
/m/05r5c,938,Piano,乐器_钢琴
/m/06tctq3,175,A World History of Art,雕塑雕像
/m/025tfvh,1395,Epilator,日常用品_脱毛器
/mi/1958,1958,,植物_梨花
/m/0bwd_0j,31,Elephant,动物_大象
/g/11dylxbw2,300,,办公_印泥
/mi/ladybird,602,lady bird,虫_瓢虫
/m/01tprb,849,Hula hoop,健身设备_呼啦圈
/m/0hdln,1773,Ruler,文具_尺子
/mi/377,377,,餐厨_微波炉烤箱
/m/04cnwn,525,Tow truck,车船飞机_吊车
/m/02hsqq,1194,Adhesive bandage,日常用品_创可贴
/mi/1055,1055,,其他_气象图
/m/04btsb,1234,Earmuffs,日常用品_耳罩
/m/0386ld,895,Cooling tower,街头_冷却塔
/m/0hzm4g0,8,Phablet,NEG_手机平板
/g/11c6dl0vy0,996,Hotel Transylvania 3: Summer Vacation,瓶装_饮料_尖叫
/m/0hlhl,591,Moth,虫_飞蛾
/m/012ndj,574,Fire engine,车船飞机_消防车
/m/02wmf,1242,Frisbee,日常用品_飞盘
/m/03l9g,1196,Hammer,日常用品_锤子
/m/073g6,1113,Stethoscope,其他物体_听诊器
/m/04v6vp,950,Suona,乐器_唢呐
/m/0158vt,472,Tunnel,场景_隧道
/m/0199g,580,Bicycle,车船飞机_自行车
/g/122jkfx1,1512,Sugar cubes,食品_方糖
/mi/1580,1580,,食品_牛奶乳品方盒
/mi/252,252,,LOGO_星巴克logo
/m/032dz0,1281,Pedometer,日常用品_计步器
/m/01rg3p,274,Easel,办公_画架
/m/0dkw5,1904,Machine,运动_举重
/m/07mf1,763,Thermometer,房间内_温度计
/mi/1295,1295,,日常用品_洁面仪
/mi/904,904,,街头_迷你KTV
/m/020fdj,1962,Plum blossom,植物_梅花
/mi/968,968,,票证卡_书脊
/m/027g6wt,1139,Santa Claus,人_圣诞老人
/m/064lhrm,1544,Cucurbitin,食品_坚果_西瓜子
/m/02qly5,1677,Java apple,水果_莲雾
/mi/1213,1213,,日常用品_电蚊拍
/m/0djzjj,1429,Pruning shears,日常用品_修枝剪
/m/0h9637l,686,Clownfish,动物_小丑鱼
/m/0h0b5,1738,Rubik's Cube,玩具_魔方
/mi/5,5,,NEG_卡通动漫
/mi/1181,1181,,日常用品_苍蝇拍
/m/01bms0,1326,Screwdriver,日常用品_螺丝刀
/m/0gm28,1599,Candy,食品_糖果
/m/08z1vt,272,Glue stick,办公_固体胶
/m/0llzx,1245,Sewing machine,日常用品_缝纫机
/m/0cqrz,1469,Fishing rod,日常用品_鱼竿
/m/0t54dkc,330,Pressure cooker bomb,餐厨_高压锅
/g/11ll3j0dr8,85,Star+,星空
/m/065dyw,1531,Japanese maple,食品_鸡爪
/mi/1346,1346,,日常用品_暖脚宝
/m/0663v,1586,Pizza,食品_披萨
/m/02lbcq,1202,Stretcher,日常用品_担架
/g/1q2xhct7k,199,PPTV,文档_ppt
/mi/1303,1303,,日常用品_卷发梳子
/mi/1066,1066,,其他_丝瓜瓤
/m/09f96,610,Mosquitoes,虫_蚊子
/m/09l0j_,1612,Ring,首饰_戒指
/mi/1188,1188,,日常用品_宠物盆
/mi/moodles,18,Bread,主食_粉面
/mi/canteen,470,Canteen,场景_食堂
/m/02920x,1848,Seesaw,游乐场设备_跷跷板
/mi/1380,1380,,日常用品_手机支架
/mi/1987,1987,,著名景点_新加坡金沙酒店
/mi/983,983,,瓶装_饮料_北冰洋汽水听装
/m/07rjb2,629,Chibi Maruko-chan,动漫角色_樱桃小丸子
/m/03gytw,1977,Christ the Redeemer,著名景点_巴西基督像
/m/02csf,1067,Drawing,其他_素描
/m/01mzpv,774,Chair,房间内_椅子
/mi/1190,1190,,日常用品_抽纸纸巾
/m/01k_lx,882,Cenotaph,街头_纪念碑
/m/098t3w,1608,Chinese steamed eggs,食品_蒸蛋
/mi/1165,1165,,日常用品_U型锁
/g/1230pgs9,723,Hook,房间内_挂钩
/g/155sccmc,1823,Kin Ming Estate,印刷手绘截屏_楼层牌
/m/0khhs,836,Chihuahua,狗_吉娃娃
/m/0jhgb,595,Scarabs,虫_金龟子
/mi/1187,1187,,日常用品_宠物笼
/g/120htnrz,770,Picture frame,房间内_相框
/m/01dd25,1280,First aid kit,日常用品_急救箱
/g/11ksh5qmc,709,Byssomerulius corium,房间内_床品_棉絮
/mi/1358,1358,,日常用品_驱蚊灯
/m/0dv5r,1891,Camera,娱乐_相机
/mi/460,460,,场景_泥土路
/m/0nybt,646,Seahorses,动物_海马
/m/0gcm181,46,Qin Lan,动物_猪
/mi/699,699,,房间内_便池
/m/01_3j6,1579,Pumpkin pie,食品_南瓜饼
/m/01npcx,1144,GoldenEye,人_眼睛
/m/0b7dhl,553,Horse-drawn vehicle,车船飞机_马车
/mi/otheranimal,,,其他动物
/m/01fh4r,313,Teapot,餐厨_茶壶
/m/01nrwb,627,Pikachu,动漫角色_皮卡丘
/m/01kfqp,594,Tiger beetle,虫_虎甲
/mi/1830,1830,,印刷手绘截屏_曲谱
/mi/1095,1095,,其他物体_焊锡丝
/mi/1601,1601,,食品_桶装方便面
/m/066sg,1597,Potato chip,食品_薯片
/mi/234,234,,LOGO_雷克萨斯logo
/m/01pwdc,1850,Carousel,游乐场设备_旋转木马
/mi/1107,1107,,其他物体_人力拉车
/m/04h8sr,857,Dumbbell,健身设备_哑铃
/m/0fs6v,1668,Rambutan,水果_红毛丹
/m/0cdn1,1521,Hamburger,食品_汉堡包
/mi/1824,1824,,印刷手绘截屏_门神贴纸
/m/07v9_z,349,Measuring cup,餐厨_量杯
/m/07jbh,124,Table tennis,运动_乒乓球
/mi/728,728,,房间内_户外大门
/m/0b3xg,1114,Multimeter,其他物体_万用表
/mi/1313,1313,,日常用品_篮子筐子
/mi/1978,1978,,著名景点_兵马俑
/m/039l3v,436,Auditorium,场景_观众席
/mi/1398,1398,,日常用品_网线钳子
/m/0_h1rcn,1700,Armenian plum,水果_杏
/g/1213_b8b,425,Solutional cave,场景_风景_溶洞
/mi/1614,1614,,首饰_手链
/m/09b5b,1097,Fertilizer,其他物体_化肥
/m/0by9lp,1731,Toy block,玩具_积木
/m/piano,195,Piano,乐器表演_钢琴类
/mi/1893,1893,,娱乐_小霸王游戏机
/mi/1250,1250,,日常用品_膏药
/m/02x9hs,203,Shooter game,运动_射击
/mi/998,998,,瓶装_饮料_健力宝瓶装
/m/024gjb,953,Menu,票证卡_菜单
/mi/726,726,,房间内_过滤器
/m/09nyy,508,Juggling,场景_杂技
/m/staging,,Staging,演出
/g/11bw51hn6y,924,Yeti Holdings,街头_雪人
/m/06f76,1323,Router,日常用品_路由器
/m/071r5,867,Scarecrow,街头_稻草人
/m/07k4d49,1877,Luzhanqi,娱乐_军棋
/m/019w36,722,Puja,房间内_供奉
/m/02bctl,1626,Scallion,蔬菜_大葱
/mi/731,731,,房间内_角架
/m/02q60ls,438,Conference hall,场景_会议室
/m/0mbct,947,Gong,乐器_锣
/mi/279,279,,办公_交通指挥棒
/m/0by6g,675,Sharks,动物_鲨鱼
/m/0f9_l,611,Snail,虫_蜗牛
/m/dessert,,Dessert,甜品
/m/02jqxw,,People,人物
/mi/1012,1012,,瓶装_饮料_旺仔牛奶
/m/03cny9,1817,Badge,印刷手绘截屏_徽章
/m/05khgx,1439,Ashtray,日常用品_烟灰缸
/m/05my6m6,1141,Hairstyling product,人_头发
/m/09qck,1699,Banana,水果_香蕉
/mi/923,923,,街头_信筒
/m/02fjb8,1797,Correction tape,文具_修改带
/m/0qjjc,1448,Remote control,日常用品_遥控器
/mi/1720,1720,,玩具_动物模型
/g/12vzplzj5,994,JDB Group,瓶装_饮料_加多宝
/mi/1844,1844,,游乐场设备_极速风车
/m/01hsnl,1152,Longevity Monk,人物_唐僧
/mi/1248,1248,,日常用品_复读机
/mi/11,11,,NEG_肢体_notuse
/m/03pby,1475,Handheld game console,日常用品_掌上游戏机
/mi/cuesports,1942,Cue sports,运动装备_台球
/m/01cmg_,1430,Rechargeable battery,日常用品_蓄电池
/m/06h7j,206,Running,运动_跑步
/m/01cmg5,1206,,日常用品_电池_手机相机电池
/mi/351,351,,餐厨_漏勺
/m/0260d_1,1843,Playground slide,游乐场设备_滑梯
/m/03c7gz,742,Door handle,房间内_门把手
/m/01p3xl,413,Metro station,场景_地铁站
/m/023cj2,417,Tribunal,场景_法庭
/m/02xwb,,Fruit,水果
/m/03v3yw,1455,,日常用品_钥匙
/m/015qcd,434,Payphone,场景_公用电话亭
/mi/161,161,,交通工具内部_notuse
/g/1q6jzb4g_,586,Roly-poly,虫_潮虫
/m/01jfm_,518,Vehicle registration plate,车船飞机_车牌
/m/0fcp0r,1559,Calocybe gambosa,食品_口蘑
/m/0gytp0r,1575,Mianwo,食品_面窝
/mi/1123,1123,,人_宝宝颈圈游泳
/m/0gb3x8,1396,Ear pick,日常用品_挖耳勺
/mi/1868,1868,,游戏截图_英雄联盟截图
/m/02y8g,287,Floppy disk,办公_软盘
/m/06bt6,,Reptiles,爬行
/m/06fqc7,281,Electrical tape,办公_绝缘胶布
/m/0jr2,1408,Mouthwash,日常用品_洗护_漱口水
/mi/511,511,,场景_中药药铺
/m/0_k2,599,Ants,虫_蚂蚁
/mi/1615,1615,,首饰_手绳
/m/0g9ynj_,1265,Shoelace knot,日常用品_蝴蝶结
/m/04143bh,785,Ssangmun-dong,风景_门洞
/m/050h0q,329,Stemware,餐厨_高脚杯
/m/04szw,,Musical instrument,乐器
/m/07gbf,221,Twin Peaks,LOGO_戴尔logo
/m/09226t,1413,Dishwashing liquid,日常用品_洗护_洗洁精
/m/02hd6l,808,Geta,服饰_木屐
/mi/1008,1008,,瓶装_饮料_锐澳
/mi/Q37594331,,,日常用品
/m/01l8p,219,Bentley Motors Limited,LOGO_宾利logo
/m/0vgrc,1799,Vernier scale,文具_游标卡尺
/m/0898b,35,Zebra,动物_斑马
/g/155s41kq,1505,Salted Egg Yolk Pastry,食品_蛋黄酥
/m/0djkl,254,Citroën,LOGO_雪铁龙logo
/mi/166,166,,厨房用品_notuse
/m/01p9z0,1049,Wood carving,其他_木雕
/mi/549,549,,车船飞机_卡丁车
/mi/1201,1201,,日常用品_大声公
/m/06z6r,97,Swimming,运动_游泳
/m/0mdb8,1352,Bubble wrap,日常用品_气泡纸
/m/049kc,799,Kimono,服饰_和服
/m/01wb7,83,Church,教堂
/g/11c1p75r7l,1149,Big Mouth,人_嘴巴
/m/027b_j,1200,Bicycle pump,日常用品_打气筒
/mi/550,550,,车船飞机_犁耕
/mi/869,869,,街头_电动伸缩门
/m/0892cv,1207,Battery charger,日常用品_电池充电器
/m/015x4r,1636,Cucumber,蔬菜_黄瓜
/mi/1952,1952,,植物_粉黛乱子草
/mi/1329,1329,,日常用品_毛线球
/mi/1116,1116,,其他物体_羽毛
/m/02phx2q,1999,"Weather Is Good on Deribasovskaya, It Rains Again on Brighton Beach",自然_下雨
/m/0242l,1466,Coin,日常用品_硬币
/mi/1806,1806,,印刷手绘截屏_本子
/mi/1937,1937,,运动装备_拳击球
/mi/357,357,,餐厨_清洁球刷
/mi/hat,,Hat,帽子
/m/01xqvb,822,Academic dress,服饰_学士服
/mi/1755,1755,,玩具_玩具琴
/m/01ypq8,1199,Lighter,日常用品_打火机
/m/02py351,147,Ticket,票证卡_门票
/m/01cx7t,790,High-visibility clothing,服饰_反光背心
/m/027dwg0,409,Lobby,场景_大堂
/m/0b3lj,1539,Pistachio,食品_坚果_开心果
/m/07clx,1498,Tea,食品_茶叶
/mi/buicklogo,218,buick logo,LOGO_别克logo
/mi/1212,1212,,日常用品_电推剪
/m/052rz,1159,Machete,日常常用_弯刀
/m/035zjb,1115,Dashboard,其他物体_仪表盘
/m/07gyv,205,Taekwondo,运动_跆拳道
/m/05bm6,1225,Nail,日常用品_钉子
/m/0ftbs,1671,Blueberry,水果_蓝莓
/m/0j640mg,443,South Korean illegal surveillance incident,场景_监控室
/m/02_lk0,1318,Sickle,日常用品_镰刀
/m/0gwfm,1886,Draughts,娱乐_跳棋
/mi/1839,1839,,游乐场设备_大摆锤
/mi/1373,1373,,日常用品_收纳盒
/m/06bqd,1923,Rugby football,运动装备_橄榄球
/m/026ph7x,1,The Hobbit,NEG_人
/m/03cgk4_,410,Taiwan Lantern Festival,场景_灯会
/m/06mr9c,533,Trunk,车船飞机_后备箱
/mi/benzlogo,215,Benz Logo,LOGO_奔驰logo
/mi/444,444,,场景_建筑工地
/m/03397k,1477,Maneki-neko,日常用品_招财猫
/m/01c7cq,117,Grassland,草原
/m/0342w8,294,Drawing pin,办公_图钉
/m/033cnk,1504,Egg,食品_蛋
/mi/144,144,,票证卡_社会保障卡
/g/11h0w5rzf4,,In Search of Echo,海洋动物
/mi/1287,1287,,日常用品_监护仪
/m/023hb6,1920,Darts,运动装备_飞镖
/m/02d9qx,259,Whiteboard,办公_白板
/mi/179,179,,首饰_notuse
/m/011y23,864,Stained glass,街头_彩色玻璃
/m/05dg0p,173,Boarding pass,票证卡_登机牌
/m/07mhr_,1656,Li Yuchun,蔬菜_小葱
/m/01l0__,659,Nagoya Grampus,动物_鲸鱼
/mi/1718,1718,,玩具_电话玩具
/mi/1801,1801,,文物_佛像人像动物
/m/05m3w9,1238,Clamshell design,日常用品_翻盖手机
/mi/basketball,1927,Basketball,运动装备_篮球
/mi/309,309,,餐厨_擦菜板
/mi/1001,1001,,瓶装_饮料_乐虎
/m/03fzy,1517,Gelatin dessert,食品_果冻
/m/05z6w,162,Penguins,动物_企鹅
/mi/negaquarium,9,Aquarium,NEG_水族箱
/mi/1099,1099,,其他物体_机械设备
/m/0k50,211,Audi,LOGO_奥迪logo
/mi/901,901,,街头_马路凸面镜
/mi/peopletree,158,People Tree,人_树
/mi/232,232,,LOGO_兰博基尼logo
/m/02kznk,1224,Thimble,日常用品_顶针
/m/07dd4,1274,Torch,日常用品_火炬火把
/m/02w3t1,1334,Cotton swab,日常用品_棉签
/m/0dn7v,1915,Sumo,运动_相扑
/m/07glzq,490,Sketch,场景_写生
/m/0ch_cf,692,Fish,动物_鱼
/m/0d9whl,1407,Shower gel,日常用品_洗护_沐浴露
/mi/1745,1745,,玩具_绕珠玩具
/m/016rh7,1624,Spinach,蔬菜_菠菜
/mi/1568,1568,,食品_卤鸡蛋
/m/064lsrh,1002,Angel Beats!,瓶装_饮料_脉动
/m/02gfs7,1437,Dental floss,日常用品_牙线
/m/01kr41,1308,Mask,日常用品_口罩
/mi/1370,1370,,日常用品_声控开关
/mi/dinning,,,餐厨用品
/m/02rc4d,1151,Goku,人物_孙悟空
/mi/1471,1471,,日常用品_玉米剥皮机
/mi/758,758,,房间内_水龙头
/mi/1337,1337,,日常用品_抹泥刀
/mi/332,332,,餐厨_挂钩秤
/m/027rw3,350,Funnel,餐厨_漏斗
/m/02chd9,1384,Brush,日常用品_刷子
/mi/343,343,,餐厨_开橙器
/mi/cookedrice,17,cooked rice,主食_米饭
/m/0j3fw65,1491,Cake pop,食品_棒棒糖
/m/0120x110,630,Haliotis,动物_鲍鱼
/m/01yby,684,Cuttlefishes,动物_乌贼
/mi/307,307,,餐厨_冰棒模具
/mi/900,900,,街头_路锥
/m/0bl0l,68,Garden,园林
/m/03bk1,55,Giraffe,动物_长颈鹿
/m/020lf,290,Computer mouse,办公_鼠标
/m/0bt_c3,967,Book,票证卡_书籍
/mi/band,1377,band,日常用品_手环
/m/02c844,883,Speed bump,街头_减速带
/m/0gw0j,687,Tarsier,动物_眼镜猴
/m/02y6n,121,French fries,西餐_薯条
/m/017thh,1846,Bumper cars,游乐场设备_碰碰车
/g/121qg7zq,941,Horn,乐器_号
/mi/890,890,,街头_警示带
/m/09t57,1967,Pine,植物_松树
/m/0x44,1039,Armour,其他_盔甲
/m/01yrx,109,Cat,猫
/g/1q6j7fxd1,1392,Spaten,日常用品_铁锹
/mi/364,364,,餐厨_烧水箱
/m/01lb5,1876,Chess,娱乐_国际象棋
/m/01fp9,1511,Bean,食品_豆子
/mi/990,990,,瓶装_饮料_果粒橙
/m/0l4_r,1609,Sesame,食品_芝麻
/mi/1722,1722,,玩具_俄罗斯方块玩具
/g/11fcsm3qxd,649,Starfish,动物_海星
/mi/917,917,,街头_条幅横幅
/g/1230v1n0,299,,办公_液体胶水
/mi/1852,1852,,游戏截图_QQ飞车截图
/m/025s89,1696,Muskmelon,水果_甜瓜
/m/026nvk,368,Cooking oil,餐厨_食用油
/m/01g8xg,277,Clamp,办公_夹子
/m/0168g6,430,Factory,场景_工厂
/mi/761,761,,房间内_天然气表
/m/04m9y,685,Lizards,动物_蜥蜴
/m/071qp,36,Squirrels,动物_松鼠
/m/01tx3t,224,Toyota Center,LOGO_丰田logo
/m/0h2t9w,1888,Telescope,娱乐_望远镜
/mi/rollsroycelogo,233,Rolls-Royce Motor Cars,LOGO_劳斯莱斯logo
/m/02zb48,1286,Dentures,日常用品_假牙
/mi/339,339,,餐厨_净水壶
/m/012n7d,545,Ambulance,车船飞机_救护车
/m/02k5x1,1426,Rubber band,日常用品_橡皮筋
/mi/desklamp,759,desk lamp,房间内_台灯
/mi/cardcertificatedoc,,,卡证文档
/m/025w8w,583,Ground beetle,虫_步甲
/m/01ys2s,,Antique,文物
/mi/427,427,,场景_封条
/m/02cvgx,1629,Wax gourd,蔬菜_冬瓜
/mi/797,797,,服饰_格子衬衫
/mi/826,826,,服饰_雨鞋
/mi/696,696,,房间内_安全出口指示牌
/mi/969,969,,票证卡_学生证封面
/mi/1368,1368,,日常用品_身高贴
/m/02sf4s,1587,Century egg,食品_皮蛋
/m/03qdb0,597,Mole cricket,虫_蝼蛄
/m/03086h,1578,Powdered milk,食品_奶粉
/mi/873,873,,街头_电梯门
/m/04n3_w4,239,Fiat,LOGO_玛莎拉蒂logo
/m/03qrc,634,Hamsters,动物_仓鼠
/m/0b3sh,289,Oscilloscope,办公_示波器
/m/012xjl,1420,Toothpaste,日常用品_洗护_牙膏
/m/027x9cl,1494,Tanghulu,食品_冰糖葫芦
/m/02cj3,840,Dachshund,狗_腊肠犬
/m/0l4dz,1091,Electric generator,其他物体_发电机
/mi/325,325,,餐厨_饭团制作器
/m/02rkmm,473,Aerial lift,场景_索道
/m/01c1r0,1163,SIM card,日常用品_SIM卡
/m/012xff,1421,Toothbrush,日常用品_洗护_牙刷
/mi/140,140,,票证卡_快递单
/m/0j7k4_x,1522,Zanthoxylum piperitum,食品_花椒
/m/01y3hg,773,Smoke detector,房间内_烟雾报警器
/m/01bg7s,887,Well,街头_井
/m/0cc7cp6,800,Wrist guard,服饰_护腕
/mi/1019,1019,,瓶装_饮料_雪碧瓶装
/mi/1948,1948,,运动装备_羽毛球拍
/m/026fgl,1726,Wind chime,玩具_风铃
/mi/920,920,,街头_卫星接收天线
/g/120knkpl,212,Rolls-Royce Motor Cars,LOGO_宝马logo
/mi/1450,1450,,日常用品_药粒板装
/m/09b6t,231,KFC,LOGO_肯德基logo
/m/0755b,615,Scorpions,虫_蝎子
/m/0h4rlj,587,Corydalidae,虫_齿蛉
/mi/1751,1751,,玩具_托马斯玩具
/mi/porschelogo,214,Porsche Logo,LOGO_保时捷logo
/m/0j91q,642,Hummingbirds,动物_蜂鸟
/m/04f8p,1687,Kiwifruit,水果_奇异果
/m/07xyvk,342,Coffeemaker,餐厨_咖啡机
/m/0k4j,14,Car,NEG_车
/mi/530,530,,车船飞机_耕地机
/mi/457,457,,场景_满地花瓣
/m/01jtbh,1044,Stirrup,其他_马镫
/m/03hftql,1496,Mason jar,食品_玻璃罐罐头
/mi/1361,1361,,日常用品_三脚架警示牌
/m/06f41,437,Rowing,场景_划船
/g/11j0v0z3vh,421,Ashfall,场景_风景_火山
/mi/reddates,1537,red dates,食品_坚果_红枣
/m/082j5,456,Wharf,场景_码头
/m/0971v,1582,Beef,食品_牛肉干
/m/05zsy,1643,Pumpkin,蔬菜_南瓜
/m/09dv7,1995,Soil,自然_泥土
/mi/353,353,,餐厨_煤球
/m/02jnhm,1600,Steel and tin cans,食品_铁罐罐头
/m/027bgp7,262,School timetable,办公_表格课程表
/m/099md,1135,Soldier,人_军人
/g/11f2gs6n4l,286,Universal Paperclips,办公_曲别针
/m/025fsf,270,Stapler,办公_订书机
/mi/1712,1712,,玩具_厨房玩具
/m/01645p,1672,Avocado,水果_酪梨
/mi/828,828,,狗_斑点犬
/m/03rhzv,485,Hitotsu Yane no Shita,场景_屋檐
/mi/401,401,,场景_菜市场
/mi/1285,1285,,日常用品_家用体重秤
/m/05y05k,1419,Shoe polish,日常用品_洗护_鞋油
/mi/1863,1863,,游戏截图_拳皇游戏截图
/m/0qmmr,552,Wheelchair,车船飞机_轮椅
/g/11b6jk5x5y,1564,Spicy Bar,食品_辣条
/m/04lflg,,Gourmet,美食
/g/120x5cz0,1706,Jujube,水果_枣
/m/architecture,,Architecture,建筑
/mi/1596,1596,,食品_烧麦
/m/0g9_drw,1777,Chalkboard eraser,文具_黑板擦
/mi/984,984,,瓶装_饮料_茶派
/m/0ffsmx,1291,Papercutting,日常用品_剪纸
/m/0b014m,1784,Ink cartridge,文具_墨水盒
/mi/1266,1266,,日常用品_户外工具卡刀
/m/0htp,1148,Astronaut,人_宇航员
/mi/toyspring,1717,Toy Spring,玩具_弹簧
/m/02j81,1976,Eiffel Tower,著名景点_埃菲尔铁塔
/m/03dhbp,1708,Transformers,玩具_变形金刚
/mi/1955,1955,,植物_荷叶
/m/03cxnw7,1087,Locker,其他物体_储物柜
/mi/flume,757,Flume,房间内_水槽
/mi/1497,1497,,食品_茶饼
/mi/1826,1826,,印刷手绘截屏_冥币
/m/07sk94,1235,Headband,日常用品_发箍
/m/019plg,531,Shopping cart,车船飞机_购物车
/m/09f20,38,Hippo,动物_河马
/mi/563,563,,车船飞机_其他车_四轮助力车
/mi/619,619,,虫_长鼻蜡虫
/m/0bwlch6,1363,Robotic vacuum cleaner,日常用品_扫地机器人
/m/0500_w,1500,Stinky tofu,食品_臭豆腐
/mi/892,892,,街头_快递柜
/m/020yd1,1293,Medal,日常用品_奖牌
/mi/1013,1013,,瓶装_饮料_唯他可可
/mi/otherfood,,,其他美食
/mi/1594,1594,,食品_山楂片
/m/01c8br,,Street,街头
/m/02qf1h5,1094,Centrifugal fan,其他物体_鼓风机
/m/01z1m1x,371,Soup,餐厨_汤勺
/mi/412,412,,场景_地铁内饰
/m/0cqdf,1258,Sponge,日常用品_海绵
/m/01vg5z,1543,Pine nut,食品_坚果_松子
/m/049qbg,1501,Spring roll,食品_春卷
/m/096mb,43,Lion,动物_狮子
/mi/1728,1728,,玩具_挂图
/m/01c7vt,,Thing,物品
/mi/1297,1297,,日常用品_金属零件
/mi/1214,1214,,日常用品_电蚊香片
/m/0_yklv8,710,Lantern,房间内_灯
/m/085714,23,Manti,主食_馒头
/m/0kh8g,1679,Longan,水果_龙眼
/m/0f1tz,1835,Calligraphy,印刷手绘截屏_书法
/m/succulentplant,,Succulent plant,多肉植物
/mi/1022,1022,,瓶装_饮料_元气森林
/g/122mr37g,1316,,日常用品_礼炮
/m/087mqm,578,Tank truck,车船飞机_油罐车
/m/09ld4,673,Frogs,动物_青蛙
/mi/1791,1791,,文具_水性笔替芯
/g/125_dc3_7,1468,Paintbrush,日常用品_油漆刷
/m/0f6qf,1743,Tangram,玩具_七巧板
/m/09glv7w,183,Raw meat,食品_生肉
/mi/1867,1867,,游戏截图_阴阳师截图
/mi/1289,1289,,日常用品_减肥腰带
/m/02hj2v,1301,Lifebuoy,日常用品_救生圈
/g/122c5zfl,1975,Bamboo,植物_竹子
/m/07dm6,52,Tiger,动物_虎
/m/06gh8w,101,Staging,演出
/mi/210,210,,LOGO_阿迪达斯三叶草logo
/mi/1837,1837,,印刷手绘截屏_邮票册
/m/0ky1q,1649,Luffa,蔬菜_丝瓜
/mi/1015,1015,,瓶装_饮料_维他柠檬茶
/m/022nq3,489,Dead end,场景_巷子
/mi/1821,1821,,印刷手绘截屏_口算题
/mi/142,142,,票证卡_护照签证
/m/02s195,729,Vase,房间内_花瓶
/mi/1530,1530,,食品_鸡排鸡柳
/mi/737,737,,房间内_淋浴房
/mi/261,261,,办公_笔记本支架
/m/09dzg,644,Turtles,动物_龟
/mi/560,560,,车船飞机_其他车_儿童电动车
/m/02fh7f,1796,Eraser,文具_橡皮
/mi/393,393,,餐厨_蒸锅蒸笼
/m/04f2lvd,1267,Florida Water,日常用品_花露水
/mi/386,386,,餐厨_油烟排风扇
/m/flower,,Flower,花
/mi/1261,1261,,日常用品_核桃夹
/mi/893,893,,街头_拉闸门
/m/010l12,1841,Roller coaster,游乐场设备_过山车
/m/0fp6w,1661,Pineapple,水果_菠萝
/m/0174n1,1381,Glove,日常用品_手套
/m/01t032,837,Golden Retriever,狗_金毛
/m/019w6h,26,Exercise,运动_健身
/m/0pcr,49,Alpaca,动物_羊驼
/m/05_4_,114,Party,聚会
/mi/824,824,,服饰_游泳镜
/m/01_n6b,747,Struwwelpeter,房间内_蓬头
/m/0gh38,640,Fennec fox,动物_耳廓狐
/m/0grtl,120,Steak,西餐_牛排
/mi/heying,,,合影
/m/09vbsy,1598,Tangyuan,食品_汤圆
/m/024d1z,379,Peeler,餐厨_削皮器
/mi/408,408,,场景_大巴内饰
/m/07gyp7,240,McDonald's,LOGO_麦当劳logo
/mi/970,970,,票证卡_学生证内页
/m/02qtr5,1354,Pliers,日常用品_钳子
/m/04c0y,53,Kangaroo,动物_袋鼠
/mi/512,512,,场景_自动扶梯
/m/07b9p1,908,Commemorative plaque,街头_牌匾
/m/03nfch,803,Sandal,服饰_凉鞋
/m/06rvn,945,Snare drum,乐器_军鼓
/m/0q5js,1757,Yo-yo,玩具_悠悠球
/mi/10,10,,NEG_纯色字幕
/m/plant,,Plant,植物
/m/026r6qc,1555,Gopchang,食品_烤肠
/mi/1203,1203,,日常用品_点火器
/g/120ktc4y,334,Stock pot,餐厨_锅
/mi/tabletennis,1933,Table tennis,运动装备_乒乓球
/mi/119,119,,西餐_notuse
/mi/598,598,,虫_鹿角花金龟
/mi/1928,1928,,运动装备_篮球框
/m/0d4wf,407,Kitchen,场景_厨房
/g/1226lvn2,1658,Maize,蔬菜_玉米
/m/01g649,1577,Xylitol,食品_木糖醇
/m/02qvyy_,1588,Peytoia,食品_皮皮虾
/m/0h5ds5,465,Jjimjilbang,场景_桑拿房
/mi/925,925,,街头_压水井
/mi/instrumentalperformance,24,Instrumental Performance,乐器表演_其他
/m/0dbvp,63,Goose,动物_鹅
/m/01s55n,1260,Suitcase,日常用品_行李箱
/g/121wccvz,1641,Lotus root,蔬菜_莲藕
/m/05d99d,462,Front office,场景_前台
/mi/1802,1802,,文物_瓶罐碗鼎
/mi/1951,1951,,植物_包装花束
/m/0b_my,1785,Petri dish,文具_培养皿
/m/03ldnb,719,Ceiling fan,房间内_吊扇
/m/0fq2wfj,1894,Soundbar,娱乐_音箱
/mi/1815,1815,,印刷手绘截屏_股票K线
/mi/beachumbrella,1478,beach umbrella,日常用品_遮阳伞
/mi/381,381,,餐厨_一次性筷子
/m/01sdgj,139,Business card,票证卡_名片
/m/08mx0h,1409,Toner,日常用品_洗护_爽肤水
/m/01rwk,1907,Climbing,运动_攀岩
/g/11c0q_hpf_,65,blackbear,动物_黑熊
/m/01b82r,1302,Saw,日常用品_锯
/m/01d380,1221,Drill,日常用品_电钻
/m/03bwz1j,631,Seashell,动物_贝壳
/mi/1514,1514,,食品_挂面
/m/01rb6t,1957,Chrysanthemum,植物_菊花
/mi/1769,1769,,文具_标签贴
/m/0lwkh,241,Nike,LOGO_耐克logo
/m/015_77,1536,Walnut,食品_坚果_核桃
/m/0cdmk3,1989,Taj Hotels,著名景点_印度泰姬陵
/m/011bm38q,146,Bank card,票证卡_银行卡
/m/01lgkm,541,Recreational vehicle,车船飞机_机动车工程车_房车
/g/1ylhlpgjk,1562,Tours rillettes,食品_腊肉
/mi/1613,1613,,首饰_手串
/g/11jfd3cccd,189,Instrumental Ensemble,乐器表演_合奏
/g/11lsm4hbqf,1750,Slope Run 2,玩具_跳跳球
/m/073bxn,1881,Tripod,娱乐_三脚架
/m/04lvq_,1284,Humidifier,日常用品_加湿器
/g/11c17tl2fp,584,Chaeyoung,虫_苍蝇
/m/0c00b_8,1936,Starting blocks,运动装备_起跑器
/m/01pns0,921,Fire hydrant,街头_消防栓
/m/02vqfm,1554,Coffee,食品_咖啡
/mi/1480,1480,,日常用品_针线盒
/m/0gd6f,1762,Fountain pen,文具_笔_钢笔
/mi/cello,191,Cello,乐器表演_大提琴
/m/01blkn,1901,Bullfighting,运动_斗牛
/m/04z_y4,896,Pergola,街头_凉棚
/m/052kf,1050,Mummy,其他_木乃伊
/m/01dwsz,1524,Waffle,食品_华夫饼
/mi/503,503,,场景_幼儿园操场
/mi/erhu,187,Erhu,乐器表演_二胡类
/m/050s1n,928,Pillar box,街头_邮筒
/m/01mv9,1832,Cross-stitch,印刷手绘截屏_十字绣
/mi/1856,1856,,游戏截图_第五人格截图
/mi/273,273,,办公_光驱
/mi/976,976,,瓶装_纯净水
/mi/tangerine,1670,tangerine,水果_橘子
/m/0fl33_,962,Marriage certificate,票证卡_结婚证
/m/02hj4,163,Dolphin,动物_海豚
/m/03y0bcs,389,Spider,餐厨_笊篱
/mi/1481,1481,,日常用品_震动棒
/m/05y_b6,1563,Sriracha sauce,食品_辣椒酱
/mi/1414,1414,,日常用品_洗护_洗面奶
/m/02h5wk,1804,Coin flipping,文物_铜板
/m/02w6c_z,172,MovieTickets.com,票证卡_电影票
/m/01psvn,523,Canoeing,车船飞机_船类_皮划艇
/m/03jdcl,600,Common Purslane,虫_蚂蚱
/m/0c568,650,Porcupine,动物_豪猪
/mi/858,858,,健身设备_仰卧起坐板
/mi/1862,1862,,游戏截图_跑跑卡丁车手游截图
/mi/395,395,,餐厨_煮面桶
/mi/1309,1309,,日常用品_矿灯
/mi/186,186,,乐器表演_中式吹奏类
/m/birds,,Birds,鸟
/m/09728,20,Bread,主食_面包
/m/04zx4_,293,Scotch Tape,办公_透明胶
/m/01tkr9,1157,Swiss Army knife,日常常用_瑞士刀
/mi/dongfengmotorlogo,222,Dongfeng Motor Logo,LOGO_东风汽车logo
/m/0fg0m,1538,Peanut,食品_坚果_花生
/m/02q6t8,1682,Loquat,水果_枇杷
/mi/168,168,,室内一角
/m/02dx0,1678,Durian,水果_榴莲
/mi/872,872,,街头_电梯按钮
/m/07x6ml,1416,Laundry detergent,日常用品_洗护_洗衣粉
/m/03cy68,269,Computer cooling,办公_电脑散热器
/mi/1360,1360,,日常用品_绕线器
/m/084rd,315,Wok,餐厨_炒锅
/mi/drum,196,Drum,乐器表演_鼓类
/mi/341,341,,餐厨_酒精炉
/m/09g1w,739,Toilet,房间内_马桶
/m/03w0j9,830,Tibetan Mastiff,狗_藏獒
/m/01vn4d,1690,Mangosteen,水果_山竹
/m/02crq1,752,Couch,房间内_沙发
/mi/1372,1372,,日常用品_试电笔
/mi/1344,1344,,日常用品_农用喷雾器
/mi/391,391,,餐厨_蒸蛋架
/mi/1341,1341,,日常用品_泥塑工具
/m/026bk,115,Dance,运动_舞蹈
/g/11x7vv6pg,19,Congee,主食_粥
/m/01f4cc,1136,Manicure,人_美甲
/m/01q_cy,1775,Globe,文具_地球仪
/mi/1356,1356,,日常用品_清凉油
/mi/730,730,,房间内_花洒
/m/0cffdh,1953,Maple,植物_枫树
/m/03_163,848,Barbell,健身设备_杠铃
/mi/439,439,,场景_火车内饰
/m/0g2z8,1998,Fog,自然_雾
/m/01hbcl,1160,Pager,日常用品_BB机
/g/121kq57x,507,Sea of clouds,场景_云海
/m/0cqsc,1470,Fishing reel,日常用品_鱼线轮
/m/087hx,1892,Xiangqi,娱乐_象棋
/mi/1127,1127,,人_宝宝玩沙子
/m/0g33q,1198,Washboard,日常用品_搓衣板
/m/06rrc,,,鞋
/mi/1023,1023,,其他_U型磁铁
/mi/1503,1503,,食品_大米袋装
/m/03bwq,792,Gas mask,服饰_防毒面具
/mi/559,559,,车船飞机_其他车_多功能清洁车
/m/02vpdrr,756,Water metering,房间内_水表
/m/01bhhn,1483,Nail clipper,日常用品_指甲剪
/m/0b_rs,499,Swimming pool,场景_泳池
/mi/493,493,,场景_雪中足迹
/m/01lkls,693,Mandarin duck,动物_鸳鸯
/m/013bqw,915,Water wheel,街头_水车
/mi/petitspois,1542,petits pois,食品_坚果_青豆
/mi/1771,1771,,文具_不锈钢直尺
/m/0jqgx,1950,Lily,植物_百合
/m/093n8t,1171,Massage chair,日常用品_按摩椅
/mi/1026,1026,,其他_带字二维码
/m/01s_43,1364,Barcode reader,日常用品_扫码枪
/m/01zzbp,193,Pipa,乐器表演_琵琶
/m/05w0bm,295,File folder,办公_文件夹
/mi/1422,1422,,日常用品_线缆
/mi/1027,1027,,其他_迪斯科转盘
/mi/392,392,,餐厨_蒸格片
/mi/1170,1170,,日常用品_按摩器
/m/0gjkl,1375,Watch,日常用品_手表
/mi/753,753,,房间内_手持小风扇
/mi/1565,1565,,食品_兰花豆
/m/01zbnw,,Screenshot,截屏
/mi/1239,1239,,日常用品_防尘罩
/m/03bxwvx,865,Charging station,街头_充电桩
/m/0283q33,1102,Electrical conduit,其他物体_金属管
/m/0drh_,1479,Origami,日常用品_折纸
/m/02jfdl,197,Coupon,票证卡_购物小票
/m/05ln6l,1278,Feather duster,日常用品_鸡毛掸子
/mi/7,7,,NEG_室内环境_notuse
/m/03p3bw,1394,Bicycle helmet,日常用品_头盔
/m/01q8_b,1222,Hammock,日常用品_吊床
/m/07cp7y,56,Jack Ma,动物_马
/m/0220r2,198,Fountain,喷泉
/m/01kb5b,1376,Flashlight,日常用品_手电筒
/m/07fbm7,1662,Strawberry,水果_草莓
/m/081hv,74,Wedding,婚礼
/mi/964,964,,票证卡_录取通知书封面
/m/054_l,1300,Mirror,日常用品_镜子
/m/02p8sg4,1499,Rice noodle roll,食品_肠粉
/mi/963,963,,票证卡_临时牌照
/mi/266,266,,办公_档案盒
/mi/217,217,,LOGO_比亚迪logo
/mi/1121,1121,,人_宝宝吃奶瓶
/mi/1092,1092,,其他物体_方向盘船舵
/g/11h582cpmh,33,Peacock,动物_孔雀
/mi/1277,1277,,日常用品_机械节拍器
/m/09f_2,639,Crocodiles,动物_鳄鱼
/m/012hrbq9,845,F Is for Family,合影_全家福
/m/0fz0h,1031,Honeycomb,其他_蜂窝
/mi/1931,1931,,运动装备_扭腰器
/mi/782,782,,风景_景区地图
/m/01k_p1,579,Heliport,车船飞机_直升飞机
/m/02xhgv,383,Water dispenser,餐厨_饮水机
/m/026t6,940,Drum,乐器_鼓
/mi/1556,1556,,食品_烤红薯
/m/04qy8f,1766,Mechanical pencil,文具_笔_自动铅笔
/m/07gbnf,1710,Glass beadmaking,玩具_玻璃珠
/m/01bdy,178,Bowling,运动_保龄球
/m/074bmq,132,Shailene Woodley,雪
/m/01786t,568,Tricycle,车船飞机_三轮车
/m/0gzj40,1897,Table football,娱乐_桌上足球
/m/020sdj,1382,Comb,日常用品_梳子
/mi/1736,1736,,玩具_快板
/mi/256,256,,LOGO_英菲尼迪logo
/mi/482,482,,场景_文具店
/m/040y3g,1253,Landline,日常用品_固定电话
/m/0g5kz7,1068,Amezaiku,其他_糖人
/mi/1768,1768,,文具_便签贴
/m/0k5v2,,Character,角色
/m/02vx4,1949,,运动装备_足球
/m/02gln,628,Donald Duck,动漫角色_唐老鸭
/m/01kt56,495,Picnic,场景_野餐
/m/01xc8d,1371,Rope,日常用品_绳子
/m/0f571,1342,Diaper,日常用品_尿不湿
/m/03_8r,1909,Judo,运动_柔道
/m/0gm3m,442,Filling station,场景_加油站
/m/02fnm,477,Digital library,场景_图书馆
/m/012lb9lt,582,Spotted lanternfly,虫_斑衣蜡蝉
/m/0h0xm,1585,Bacon,食品_培根
/m/03wym,1926,Indoor rower,运动装备_划船机
/mi/467,467,,场景_社区健身器材
/m/02r7cz2,1680,Mango,水果_芒果
/g/11j5gv6802,352,Sun Jiuxiang,餐厨_煤气罐
/m/0ksls,1456,Clothes hanger,日常用品_衣架
/m/0n5v01m,1174,Bag,日常用品_包
/mi/1729,1729,,玩具_红缨枪
/m/0x181c6,370,Jar,餐厨_坛子
/m/03wcrp,314,Teaware,餐厨_茶具
/m/0633h,30,Polar bear,动物_北极熊
/mi/868,868,,街头_稻谷风车
/m/0khv8,1702,Carambola,水果_杨桃
/m/07cmd,570,Tank,车船飞机_坦克
/m/01j2bj,505,Bathroom,场景_浴室
/m/0jj7c,604,Stag beetle,虫_锹形虫
/m/02vlckk,1219,Electronic cigarette,日常用品_电子烟
/g/120qdh8t,676,Coral,动物_珊瑚
/m/024w0,1283,Counter,日常用品_计数器
/m/010pcnh3,1829,China Energy Label,印刷手绘截屏_能效标识
/m/0142wf,814,Pajamas,服饰_睡衣
/mi/1451,1451,,日常用品_药品包装
/m/047cv3c,1631,Mung bean sprout,蔬菜_豆芽
/mi/cherylogo,245,Chery Logo,LOGO_奇瑞logo
/mi/1459,1459,,日常用品_易拉罐拉环
/m/0hsrw,519,Sailboat,车船飞机_船类_帆船
/m/01lq3,416,Casino,场景_赌场
/m/01j_h3,247,Subaru,LOGO_斯巴鲁logo
/m/02dnxq,617,House Centipede,虫_蚰蜒
/mi/1457,1457,,日常用品_衣帽架
/m/01m_gh,255,Kim Clijsters,LOGO_因特尔logo
/m/0ft9s,605,Dragonfly,虫_蜻蜓
/g/122z34yg,1549,Fried egg,食品_煎蛋
/mi/1428,1428,,日常用品_小球
/m/0hhrsy9,1739,Hobby horse,玩具_木马
/mi/1184,1184,,日常用品_撑衣杆
/m/01y4xf,1654,Coriander,蔬菜_香菜
/mi/1834,1834,,印刷手绘截屏_手抄报
/m/090ljv,,Exercise equipment,运动健身设备
/g/11dfq5vkkm,1132,Young Sheldon,人_耳朵
/mi/258,258,,LOGO_中石油logo
/m/06gfj,180,Road,公路
/m/0174k2,768,Washing machine,房间内_洗衣机
/m/01b9xk,1591,Hot dog,食品_热狗
/m/0z4s,651,Anthony Hopkins,动物_鹤
/mi/1048,1048,,其他_磨米机
/mi/cardcertificate,,,证卡
/mi/429,429,,场景_甘蔗地
/m/015k7,1694,Gautama Buddha,水果_释迦
/g/11c2y7jc9q,854,Ropemania,健身设备_跳绳
/m/02z9dy,1571,Granola,食品_麦片
/m/01tksn,1117,Spider web,其他物体_蜘蛛网
/mi/90,90,,水果_notuse
/m/01jfkf,516,Forklift,车船飞机_叉车
/mi/148,148,,屏幕文字
/m/051hrr,944,Electronic drum,乐器_架子鼓
/mi/bug,,Bug,虫
/m/0g3dv,841,Akita Inu,狗_秋田犬
/m/017z01,1602,French toast,食品_吐司
/mi/1080,1080,,其他_竹简
/m/037hz,131,Golf,运动_高尔夫球
/m/043kkf8,793,Baseball uniform,服饰_服服装商标
/m/0m4sj,243,Víctor Jara,LOGO_讴歌logo
/mi/749,749,,房间内_弱电箱
/m/05n9wh,501,Procession,场景_游行
/g/11f630tcj3,1825,The Postcard Killings,印刷手绘截屏_明信片
/m/0w0d,1912,Archery,运动_射箭
/m/02jb9f,474,Terrace,场景_梯田
/m/01yg9g,529,Lawn mower,车船飞机_割草机
/mi/738,738,,房间内_麻将机
/m/0cxn2,27,Ice cream,冰淇淋
/mi/356,356,,餐厨_瓶装调味品
/m/0w_19fc,415,Storefront,场景_店面
/m/03c79,741,Gate,房间内_门
/m/04_tb,1090,Map,其他物体_地图
/mi/960,960,,票证卡_健康证
/mi/311,311,,餐厨_苍蝇罩子
/m/0b_kd,1786,Micrometer,文具_千分尺
/m/01j61q,1476,Tent,日常用品_帐篷
/m/0fly7,810,Jeans,服饰_牛仔裤
/mi/558,558,,车船飞机_其他车_斗车
/m/02f9pk,654,Lemurs,动物_狐猴
/mi/177,177,,风景_门楼
/mi/280,280,,办公_胶布切割器
/m/09hqy,301,Seal,办公_印章
/m/037slq,596,Click beetles,虫_叩头虫
/mi/889,889,,街头_警灯
/m/05czz6l,527,Airplane,车船飞机_飞机
/m/0ytgt,78,Child,小孩
/m/0c37z,1325,Screw,日常用品_螺丝
/m/03qkxyr,919,Tiling array,街头_瓦片
/m/0fbw6,1623,Cabbage,蔬菜_包菜
/m/0c3yk,1339,Charcoal,日常用品_木炭
/mi/98,98,,湖泊河流
/mi/1605,1605,,食品_鱼豆腐
/mi/1822,1822,,印刷手绘截屏_聊天记录截图
/m/01t_yc,492,Dormitory,场景_宿舍
/m/02yhs7,603,Dung beetle,虫_蜣螂
/g/120zjpkw,1969,Echinopsis tubiflora,植物_仙人球
/mi/308,308,,餐厨_冰块模具
/m/04cvgx,762,Mop,房间内_拖把
/m/03cncjh,842,Bone-mouth,狗_沙皮犬
/m/025s18p,1647,Okra,蔬菜_秋葵
/m/03d068f,1161,Amazon Kindle,日常用品_kindle
/mi/989,989,,瓶装_饮料_谷粒谷力
/m/03cnjxh,1807,Embroidered patch,印刷手绘截屏_臂章
/mi/863,863,,街头_变电器
/mi/1770,1770,,文具_剥线刀
/m/03fsp6,382,Soda fountain,餐厨_饮料机
/mi/storagebox ,1374,storage box,日常用品_收纳箱
/m/065y_bf,1508,Egg wash,食品_蛋液
/mi/783,783,,风景_老式窗户
/m/0cjs7,1642,Asparagus,蔬菜_芦笋
/m/027wmf,21,Jiaozi,主食_饺子
/m/0b5btl,856,Grippers,健身设备_握力器
/m/02ppnm,387,Stove,餐厨_灶台
/m/012ysf,1488,Syringe,日常用品_注射器
/g/12qbhly8m,620,Cheirotonus formosanus,虫_长臂金龟
/m/0dt3t,312,Fork,餐厨_叉子
/m/071h49,1740,Mokujin,玩具_木头人
/m/060khh,755,Lowboy,房间内_梳妆台
/mi/1744,1744,,玩具_切水果玩具
/m/04hyxm,445,Classroom,场景_教室
/m/0dnkv,122,Supermarket,超市
/m/02y8z,1903,Fencing,运动_击剑
/mi/567,567,,车船飞机_洒水车
/mi/961,961,,票证卡_奖状
/m/01scr9,480,Internet café,场景_网吧
/m/0g7xf,751,Broom,房间内_扫帚
/m/01xbt3,1659,Passion fruit,水果_百香果
/m/076xrgn,1964,Moutan peony,植物_牡丹
/mi/1859,1859,,游戏截图_魂斗罗截图
/mi/899,899,,街头_路灯
/m/03q7vc,1546,Acorn,食品_坚果_橡果
/m/027lcq2,1851,Inflatable castle,游乐场设施_充气城堡
/mi/playgroundequipment,1847,Playground equipment,游乐场设备_其他
/m/03q5c7,305,Saucer,餐厨_杯托
/m/020l_5,1056,Mandoline,其他_切片机
/mi/426,426,,场景_风景_信息牌
/m/0kpqd,1698,Watermelon,水果_西瓜
/mi/201,201,,暗光室内_notuse
/mi/1332,1332,,日常用品_门禁栈
/mi/1317,1317,,日常用品_理发刀
/mi/1664,1664,,水果_冬枣
/m/019h78,612,Centipedes,虫_蜈蚣
/g/1q6hy76jy,150,Schoolyard,操场
/m/01rkbr,804,Necktie,服饰_领带
/m/09j06,566,Hot-air balloon,车船飞机_热气球
/g/11pd_7k3sj,1279,Guitar Bag,日常用品_吉他包
/g/11c3q5hzzl,557,Self-balancing scooter,车船飞机_平衡车
/mi/1464,1464,,日常用品_婴儿椅
/m/030610,853,Treadmill,健身设备_跑步机
/mi/746,746,,房间内_喷壶
/m/07r04,548,Truck,车船飞机_卡车货车
/mi/776,776,,房间内_枕头抱枕
/mi/461,461,,场景_气球拱门
/mi/1474,1474,,日常用品_粘毛器
/mi/880,880,,街头_回收箱
/m/0715p,1716,Slingshot,玩具_弹弓
/m/02zr8,87,Forest,树林
/g/11c1s04k8p,1873,AirPods,娱乐_耳机_airpods
/m/02ssyp,1811,Circuit diagram,印刷手绘截屏_电路图
/m/0cdk2,1644,Eggplant,蔬菜_茄子
/m/dog,,Dog,狗
/mi/1489,1489,,日常用品_专业体重秤
/m/037rpk,1774,Hole punch,文具_打孔器
/m/0mkg,192,Accordion,乐器表演_手风琴
/mi/345,345,,餐厨_开水瓶
/mi/1809,1809,,印刷手绘截屏_的士发票
/m/03bj1,39,Giant panda,动物_熊猫
/g/11bc5yhfnk,1634,Carrot,蔬菜_胡萝卜
/m/09t49,1965,Leaf,植物_树叶特写
/m/0133tk,791,Bulletproof vest,服饰_防弹衣
/m/08pbxl,47,Monkey,动物_猴
/mi/1956,1956,,植物_花丛
/mi/735,735,,房间内_空调扇
/mi/1347,1347,,日常用品_暖手宝
/m/0f_4b,1180,Backscratcher,日常用品_不求人
/mi/1220,1220,,日常用品_电子元件
/m/0crf4xx,292,Projector,办公_投影仪
/m/049d8b,275,Computer case,办公_机箱
/m/03f6tq,447,Living room,场景_客厅
/m/03xbw,1906,Ice skating,运动_溜冰
/m/03v5tg,378,Drinking straw,餐厨_吸管
/mi/otheractivity,,,其他活动
/m/02pwryg,712,LED lamp,房间内_灯泡
/g/121dpmzn,340,Alcohol burner,餐厨_酒精灯
/m/04030j,1484,Nail polish,日常用品_指甲油
/m/016f4d,1197,Porcelain,日常用品_瓷器
/m/08b4g7,1691,Cherry tomato,水果_圣女果
/m/01mtyg,1401,Breast pump,日常用品_吸奶器
/mi/767,767,,房间内_洗漱池
/mi/1231,1231,,日常用品_儿童洗头帽
/m/04lcpkk,1158,Data cable,日常常用_数据线
/m/06npx,92,Sea,海洋
/mi/977,977,,瓶装_红酒洋酒
/g/1yg58g4jj,1574,Dough,食品_面团
/m/09xqv,613,Cricket,虫_蟋蟀
/m/01224x,910,Sparkling wine,街头_气泡
/m/02hv4t,1075,Thurible,其他_香炉
/m/0cyf8,593,Butterflies,虫_蝴蝶
/m/0329yh,151,Basketball court,篮球场
/mi/1411,1411,,日常用品_洗护_头发用品
/m/05n4y,61,Common ostrich,动物_鸵鸟
/m/072kwm,1025,Image macro,其他_表情包
/m/02rxyyd,727,Camp bed,房间内_行军床
/mi/1819,1819,,印刷手绘截屏_锦旗
/m/02_444,398,Trampoline,场景_蹦床
/m/02p3w7d,1930,Roller skates,运动装备_轮滑鞋
/m/06w4_4z,1997,Stone,自然_石头
/mi/326,326,,餐厨_分酒器
/mi/waterpress,1435,Watering can,日常用品_压水器
/g/11j0d83kyq,,Wajijiwa Entertainment,文化娱乐
/m/05zybcl,1566,Liangfen,食品_凉粉
/mi/peoplebeach,153,people beach,人_海滩
/m/01wy1g,1723,Matryoshka doll,玩具_俄罗斯套娃
/mi/1569,1569,,食品_绿豆糕
/m/04jgrq,544,Concrete mixer,车船飞机_搅拌车
/m/0158_5,418,Cockpit,场景_飞机驾驶舱
/m/0hq8,1792,Abacus,文具_算盘
/m/0148h8,638,Mink,动物_貂
/m/02x984l,720,Fan,房间内_风扇
/g/11c539qpsz,1896,Smart speaker,娱乐_智能音箱
/m/0d8rlg,1359,Space heater,日常用品_取暖器
/m/018vs,190,Bass guitar,乐器表演_吉他贝斯
/m/051g4c,877,Kōban,街头_岗亭
/mi/324,324,,餐厨_电子秤
/mi/897,897,,街头_铃铛钟铃
/m/0388q,1684,Grape,水果_葡萄
/mi/978,978,,瓶装_金银花露
/mi/820,820,,服饰_鞋子
/m/01zfyk,1393,Bucket,日常用品_桶
/mi/1120,1120,,人_扳手腕
/g/120mhppq,825,Down jacket,服饰_羽绒服
/m/01x1pk,1167,Safety pin,日常用品_安全别针
/m/02pdsw,390,Cutting board,餐厨_砧板
/mi/72,72,,夜景
/m/0m4l3,502,Amusement arcade,场景_游戏厅
/mi/1418,1418,,日常用品_洗护_消毒剂
/mi/ohterarchitecture,,,其他建筑
/m/05r1j,82,Poker,扑克
/m/05h0n,,Nature,自然
/m/0ch887,1758,Bamboo-copter,玩具_竹蜻蜓
/m/0ph39,522,Canoe,车船飞机_船类_木船
/mi/1256,1256,,日常用品_滚轮式瘦脸器
/mi/1211,1211,,日常用品_电烙铁
/mi/348,348,,餐厨_凉水壶
/m/023s_v,303,USB flash drive,办公_优盘
/m/02ky0x,1487,Zaru,日常用品_竹制簸箕
/m/068vv,1836,Postage stamp,印刷手绘截屏_邮票
/m/01dxs,37,Brown bear,动物_棕熊
/mi/1853,1853,,游戏截图_QQ炫舞截图
/m/01prn0,388,Juicer,餐厨_榨汁机
/m/0gv1x,689,Parrots,动物_鹦鹉
/m/091z_p,48,Pan's Labyrinth,动物_羊
/m/02rlv9,555,Motorboat,车船飞机_摩托艇
/m/01q29b,1509,Tribadism,食品_豆腐
/mi/1096,1096,,其他物体_合页轴承
/mi/1017,1017,,瓶装_饮料_小茗同学
/m/01ty24,1088,Spring,其他物体_弹簧
/m/03s_tn,362,Kettle,餐厨_烧水壶
/m/025dhq,1606,Mooncake,食品_月饼
/m/0dgggbs,635,Manidae,动物_穿山甲
/m/05mvw3t,745,Radiator,房间内_暖气片
/m/0k8z,1683,Apple,水果_苹果
/m/047grl6,143,Train ticket,票证卡_火车票
/mi/golf,1924,Golf,运动装备_高尔夫球
/m/06q4j,1438,Tobacco pipe,日常用品_烟斗
/mi/538,538,,车船飞机_火车_子弹头火车
/m/0jm6n,682,New Orleans Pelicans,动物_鹈鹕
/m/02lwdz,1078,Wingsuit flying,其他_翼装飞行
/m/027x0j,1269,Mascara,日常用品_化妆_睫毛膏
/mi/1402,1402,,日常用品_洗护_袋装洗发露
/m/0dlm0sz,471,Toll Booth,场景_收费站
/m/02nzw0,403,Warehouse,场景_仓库
/m/01jlh8,1032,Bazooka,其他_火箭筒
/m/09srw,1485,Compass,日常用品_指南针
/m/01qm_7,1465,Glow stick,日常用品_荧光棒
/m/0kpt_,1667,Cantaloupe,水果_哈密瓜
/m/07sl25,1236,Barrette,日常用品_发夹
/m/0ckdv,1763,Crayon,文具_笔_蜡笔
/g/11lh3tr676,1618,Jade Ware,首饰_玉器
/mi/1749,1749,,玩具_套圈玩具
/m/027sy7,1192,Hoe,日常用品_锄头
/m/08tf58,590,Japanese rhinoceros beetle,虫_独角仙
/mi/721,721,,房间内_工业吸尘器
/mi/1288,1288,,日常用品_检测仪
/m/0b04_7,464,"Yesterday, Today and Tomorrow",场景_人海
/m/016zpp,1665,Guava,水果_番石榴
/m/0209y0,1227,Walkie-talkie,日常用品_对讲机
/m/05gqfk,1387,Plastic bag,日常用品_塑料袋
/m/0b2q_6,1240,Face shield,日常用品_防护面罩
/mi/1010,1010,,瓶装_饮料_娃哈哈AD钙奶
/mi/2,2,,NEG_人其他服装
/mi/486,486,,场景_舞狮子
/m/021fl7,1705,Pomelo,水果_柚子
/mi/165,165,,动物_海豹海狮
/m/0hqy5,54,Exit Wounds,动物_豹子
/m/03pl3,1237,Hairpin,日常用品_发簪
/m/01nl4x,905,Fire extinguisher,街头_灭火器
/mi/1760,1760,,文具_笔_按动中性笔
/m/024d2,276,Calculator,办公_计算器
/mi/1007,1007,,瓶装_饮料_雀巢咖啡听装
/mi/288,288,,办公_石砚台
/m/08h210,250,Dioxolane,LOGO_五环
/m/03fsbf,1781,Protractor,文具_量角器
/m/016h1k,1108,Handcuffs,其他物体_手铐
/m/0125hz,622,Ultraman,动漫角色_奥特曼
/mi/1855,1855,,游戏截图_穿越火线截图
/m/01b958,885,Scaffolding,街头_脚手架
/mi/1790,1790,,文具_水果橡皮
/m/0559m,,Motion,运动
/g/11bbsx2h3d,1473,Clothes steamer,日常用品_熨斗挂烫机
/mi/1519,1519,,食品_海带丝
/mi/396,396,,场景_ktv酒吧
/m/0hg7b,1878,Microphone,娱乐_麦克风
/mi/1005,1005,,瓶装_饮料_屈臣氏苏打水
/m/04g07,658,Koi,动物_锦鲤
/m/0gvg1g,1493,Ice pop,食品_冰棍
/mi/1972,1972,,植物_许愿树
/m/0f8s22,419,Chime,场景_风景_编钟
/mi/336,336,,餐厨_和面机厨师机
/mi/84,84,,日出日落
/m/0b60sq,69,Howl's Moving Castle,城堡
/m/01h_1n,,Playground,游乐场
/mi/772,772,,房间内_鞋架
/m/01bfwv,1070,Mixing console,其他_调音台
/mi/1482,1482,,日常用品_直发器
/m/012ngmnd,,The Atticus Institute,人体
/m/02qxph1,267,Currency-counting machine,办公_点钞机
/g/11g65gf4zw,1914,Play Magnus - Train and Play Chess with Magnus,运动_下棋
/m/021mn,1495,Cookie,食品_饼干
/m/04v6hz,1443,Eye drop,日常用品_眼药水
/m/03s88m,1233,Earplug,日常用品_耳塞
/g/11j006bjbl,1935,Ping Pong Tables,运动装备_乒乓球台
/m/0_wr2,62,Pigeon Forge,动物_鸽子
/m/0g4n5r,645,Masked palm civet,动物_果子狸
/mi/707,707,,房间内_窗户窗帘
/mi/1988,1988,,著名景点_印度金庙
